time,CO2 (mA),H2O (mA),SO2 (mA),H2S (mA),,SO2 ,H2S
14:25:21,13.137393,19.75216675,5.427245617,4.264008522,,5.427245617,4.264008522
14:25:22,13.15773487,19.68100357,5.437421799,4.304673195,,5.437421799,4.304673195
14:25:23,13.137393,19.58442497,5.518831253,4.269091606,,5.518831253,4.269091606
14:25:24,13.06619453,19.64542198,5.427245617,4.330088615,,5.427245617,4.330088615
14:25:25,13.07636547,19.77758217,5.473038197,4.314839363,,5.473038197,4.314839363
14:25:26,13.06110859,19.85382843,5.44759798,4.314839363,,5.44759798,4.314839363
14:25:27,13.12722111,19.85891151,5.396717072,4.314839363,,5.396717072,4.314839363
14:25:28,13.10179329,19.88432693,5.361100197,4.27417469,,5.361100197,4.27417469
14:25:29,13.15773487,19.98598862,5.244074345,4.314839363,,5.244074345,4.314839363
14:25:30,13.15264988,19.98090553,5.305131435,4.284340858,,5.305131435,4.284340858
14:25:31,13.11196518,19.97582245,5.305131435,4.309756279,,5.305131435,4.309756279
14:25:32,13.06619453,19.98090553,5.289866924,4.386002541,,5.289866924,4.386002541
14:25:33,13.16790581,19.90465927,5.264426708,4.223343849,,5.264426708,4.223343849
14:25:34,13.28487492,19.57934189,5.310219288,4.299590111,,5.310219288,4.299590111
14:25:35,13.34590149,19.58950806,5.213545799,4.350420952,,5.213545799,4.350420952
14:25:36,13.36624432,19.69625282,5.335659981,4.314839363,,5.335659981,4.314839363
14:25:37,13.31030273,19.63525581,5.294955254,4.3351717,,5.294955254,4.3351717
14:25:38,13.27470398,19.50817871,5.366188526,4.269091606,,5.366188526,4.269091606
14:25:39,13.18824863,19.47259712,5.254250526,4.223343849,,5.254250526,4.223343849
14:25:40,13.11196518,19.42684937,5.279690742,4.294507027,,5.279690742,4.294507027
14:25:41,13.10687923,19.6708374,5.294955254,4.279257774,,5.294955254,4.279257774
14:25:42,13.06110859,19.72166824,5.294955254,4.243676186,,5.294955254,4.243676186
14:25:43,13.03059578,19.55900955,5.279690742,4.228426933,,5.279690742,4.228426933
14:25:44,12.94922638,19.41160011,5.300043106,4.218260765,,5.300043106,4.218260765
14:25:45,12.86785698,19.33027077,5.269514561,4.294507027,,5.269514561,4.294507027
14:25:46,12.84242821,19.26927376,5.289866924,4.3351717,,5.289866924,4.3351717
14:25:47,12.84242821,19.35568619,5.228809834,4.340254784,,5.228809834,4.340254784
14:25:48,12.8119154,19.60984039,5.20845747,4.304673195,,5.20845747,4.304673195
14:25:49,12.72546005,19.69625282,5.223721981,4.27417469,,5.223721981,4.27417469
14:25:50,12.71528912,19.72675133,5.167752743,4.223343849,,5.167752743,4.223343849
14:25:51,12.72546005,19.76233292,5.16266489,4.223343849,,5.16266489,4.223343849
14:25:52,12.7712307,19.767416,5.086343288,4.279257774,,5.086343288,4.279257774
14:25:53,12.72546005,19.57934189,5.137224197,4.233510017,,5.137224197,4.233510017
14:25:54,12.63900471,19.50309563,5.086343288,4.218260765,,5.086343288,4.218260765
14:25:55,12.61866283,19.5437603,5.121960163,4.27417469,,5.121960163,4.27417469
14:25:56,12.6084919,19.6708374,5.025286198,4.182679176,,5.025286198,4.182679176
14:25:57,12.62374878,19.83857918,5.127048016,4.350420952,,5.127048016,4.350420952
14:25:58,12.61357689,19.83857918,5.116871834,4.27417469,,5.116871834,4.27417469
14:25:59,12.58814907,19.86907768,5.060903072,4.223343849,,5.060903072,4.223343849
14:26:00,12.61866283,19.97582245,5.030374527,4.309756279,,5.030374527,4.309756279
14:26:01,12.6491766,19.88941002,5.010022163,4.192845345,,5.010022163,4.192845345
14:26:02,12.67968941,19.85891151,4.959141254,4.258925438,,4.959141254,4.258925438
14:26:03,12.76614475,19.95040703,4.933700562,4.365670204,,4.933700562,4.365670204
14:26:04,12.730546,19.93515778,4.974405289,4.253842354,,4.974405289,4.253842354
14:26:05,12.75088787,19.87416077,4.933700562,4.258925438,,4.933700562,4.258925438
14:26:06,12.70003223,19.83857918,4.9896698,4.213177681,,4.9896698,4.213177681
14:26:07,12.64409065,19.76233292,4.903172016,4.16234684,,4.903172016,4.16234684
14:26:08,12.71020317,19.8944931,4.918436527,4.243676186,,4.918436527,4.243676186
14:26:09,12.6898613,19.84874535,4.928612709,4.345337868,,4.928612709,4.345337868
14:26:10,12.6898613,19.73183441,4.928612709,4.269091606,,4.928612709,4.269091606
14:26:11,12.71528912,19.84366226,4.887907982,4.269091606,,4.887907982,4.269091606
14:26:12,12.71528912,19.98090553,5.010022163,4.350420952,,5.010022163,4.350420952
14:26:13,12.730546,19.98598862,4.908260345,4.243676186,,4.908260345,4.243676186
14:26:14,12.75088787,19.98090553,4.908260345,4.218260765,,4.908260345,4.218260765
14:26:15,12.72546005,19.98090553,4.938788891,4.203011513,,4.938788891,4.203011513
14:26:16,12.74580288,19.97582245,5.010022163,4.294507027,,5.010022163,4.294507027
14:26:17,12.74071693,19.98598862,4.898084164,4.192845345,,4.898084164,4.192845345
14:26:18,12.74071693,19.98090553,4.974405289,4.294507027,,4.974405289,4.294507027
14:26:19,12.75088787,19.97582245,4.908260345,4.258925438,,4.908260345,4.258925438
14:26:20,12.72037411,19.98090553,5.045638561,4.203011513,,5.045638561,4.203011513
14:26:21,12.730546,19.97582245,4.959141254,4.258925438,,4.959141254,4.258925438
14:26:22,12.730546,19.98090553,4.974405289,4.203011513,,4.974405289,4.203011513
14:26:23,12.74580288,19.97582245,4.979493618,4.233510017,,4.979493618,4.233510017
14:26:24,12.76614475,19.98598862,4.98458147,4.197928429,,4.98458147,4.197928429
14:26:25,12.75088787,19.97582245,4.969317436,4.233510017,,4.969317436,4.233510017
14:26:26,12.74580288,19.98090553,4.98458147,4.228426933,,4.98458147,4.228426933
14:26:27,12.7712307,19.97582245,5.071079254,4.213177681,,5.071079254,4.213177681
14:26:28,12.76105881,19.98090553,5.030374527,4.208094597,,5.030374527,4.208094597
14:26:29,12.74071693,19.97582245,5.035462379,4.167429924,,5.035462379,4.167429924
14:26:30,12.75088787,19.98090553,4.994757652,4.258925438,,4.994757652,4.258925438
14:26:31,12.73563099,19.98090553,5.091431618,4.218260765,,5.091431618,4.218260765
14:26:32,12.72037411,19.98598862,5.040550709,4.203011513,,5.040550709,4.203011513
14:26:33,12.76105881,19.98090553,5.050726891,4.258925438,,5.050726891,4.258925438
14:26:34,12.71528912,19.98598862,5.025286198,4.253842354,,5.025286198,4.253842354
14:26:35,12.730546,19.98090553,5.076167107,4.325005531,,5.076167107,4.325005531
14:26:36,12.79665852,19.97582245,5.106695652,4.314839363,,5.106695652,4.314839363
14:26:37,12.79665852,19.98598862,4.954052925,4.299590111,,4.954052925,4.299590111
14:26:38,12.8119154,19.98090553,4.954052925,4.3351717,,4.954052925,4.3351717
14:26:39,12.84242821,19.98090553,4.999845982,4.264008522,,4.999845982,4.264008522
14:26:40,12.82717228,19.98090553,4.969317436,4.167429924,,4.969317436,4.167429924
14:26:41,12.8526001,19.98598862,5.106695652,4.208094597,,5.106695652,4.208094597
14:26:42,12.85768509,19.97582245,5.167752743,4.330088615,,5.167752743,4.330088615
14:26:43,12.87802792,19.97582245,5.188105106,4.18776226,,5.188105106,4.18776226
14:26:44,12.98482513,19.98090553,5.223721981,4.213177681,,5.223721981,4.213177681
14:26:45,13.12722111,19.98598862,5.249162197,4.314839363,,5.249162197,4.314839363
14:26:46,13.11705017,19.98598862,5.350924015,4.314839363,,5.350924015,4.314839363
14:26:47,13.02550983,19.98090553,5.422157288,4.258925438,,5.422157288,4.258925438
14:26:48,13.14756393,19.98090553,5.651121616,4.24875927,,5.651121616,4.24875927
14:26:49,13.20350552,19.97582245,5.696914196,4.299590111,,5.696914196,4.299590111
14:26:50,13.19841957,19.97582245,5.829204559,4.314839363,,5.829204559,4.314839363
14:26:51,13.14756393,19.98090553,5.910614014,4.258925438,,5.910614014,4.258925438
14:26:52,13.15773487,19.98090553,6.144666195,4.243676186,,6.144666195,4.243676186
14:26:53,13.20350552,19.98090553,6.236251831,4.36058712,,6.236251831,4.36058712
14:26:54,13.54424,19.98090553,6.383806705,4.36058712,,6.383806705,4.36058712
14:26:55,13.42727089,19.98090553,6.500832558,4.340254784,,6.500832558,4.340254784
14:26:56,13.56966782,19.98090553,6.511008739,4.345337868,,6.511008739,4.345337868
14:26:57,13.60018158,19.98090553,6.821382523,4.3351717,,6.821382523,4.3351717
14:26:58,13.57475281,19.98090553,6.984201431,4.355504036,,6.984201431,4.355504036
14:26:59,13.56966782,19.98090553,7.218253613,4.370753288,,7.218253613,4.370753288
14:27:00,13.45269871,19.98090553,7.391248703,4.380919456,,7.391248703,4.380919456
14:27:01,13.49338341,19.98090553,7.599860191,4.421584129,,7.599860191,4.421584129
14:27:02,13.50864029,19.98090553,7.65582943,4.370753288,,7.65582943,4.370753288
14:27:03,13.45269871,19.98598862,7.783031464,4.47241497,,7.783031464,4.47241497
14:27:04,13.41201401,19.97582245,7.82882452,4.365670204,,7.82882452,4.365670204
14:27:05,13.28995991,19.98090553,7.910233974,4.426667213,,7.910233974,4.426667213
14:27:06,13.35098743,19.98090553,7.833912373,4.457165718,,7.833912373,4.457165718
14:27:07,13.43235683,19.98090553,7.737238884,4.523245811,,7.737238884,4.523245811
14:27:08,13.52389717,19.98090553,7.696534157,4.482581139,,7.696534157,4.482581139
14:27:09,13.48321247,19.98598862,7.579507828,4.44699955,,7.579507828,4.44699955
14:27:10,13.52898312,19.97073936,7.54389143,4.497830391,,7.54389143,4.497830391
14:27:11,13.59509563,19.97582245,7.610036373,4.507996559,,7.610036373,4.507996559
14:27:12,13.48321247,19.98090553,7.610036373,4.487664223,,7.610036373,4.487664223
14:27:13,13.3815012,19.9910717,7.645653248,4.528328896,,7.645653248,4.528328896
14:27:14,13.51881218,19.98090553,7.706710339,4.47241497,,7.706710339,4.47241497
14:27:15,13.52898312,19.98090553,7.747415066,4.477498055,,7.747415066,4.477498055
14:27:16,13.62052345,19.98090553,7.686357975,4.477498055,,7.686357975,4.477498055
14:27:17,13.54424,19.98598862,7.696534157,4.477498055,,7.696534157,4.477498055
14:27:18,13.59000969,19.98090553,7.793207645,4.629990578,,7.793207645,4.629990578
14:27:19,13.59000969,19.97582245,7.839000702,4.584242821,,7.839000702,4.584242821
14:27:20,13.36624432,19.98090553,7.8746171,4.487664223,,7.8746171,4.487664223
14:27:21,13.49846935,19.97582245,7.900057793,4.543578148,,7.900057793,4.543578148
14:27:22,13.63069439,19.97582245,7.894969463,4.604575157,,7.894969463,4.604575157
14:27:23,13.56966782,19.97582245,7.844088554,4.518162727,,7.844088554,4.518162727
14:27:24,13.52389717,19.97582245,7.859353065,4.584242821,,7.859353065,4.584242821
14:27:25,13.56966782,19.98090553,7.94076252,4.614741325,,7.94076252,4.614741325
14:27:26,13.54932499,19.97073936,7.82882452,4.563910484,,7.82882452,4.563910484
14:27:27,13.48829842,19.98090553,7.915321827,4.665572166,,7.915321827,4.665572166
14:27:28,13.43235683,19.98598862,7.82882452,4.518162727,,7.82882452,4.518162727
14:27:29,13.49338341,19.98090553,7.844088554,4.614741325,,7.844088554,4.614741325
14:27:30,13.38658619,19.98598862,7.833912373,4.492747307,,7.833912373,4.492747307
14:27:31,13.41709995,19.98090553,7.793207645,4.574076653,,7.793207645,4.574076653
14:27:32,13.44252777,19.98598862,7.711798191,4.518162727,,7.711798191,4.518162727
14:27:33,13.4628706,19.98598862,7.691445827,4.599492073,,7.691445827,4.599492073
14:27:34,13.51881218,19.98090553,7.528626919,4.507996559,,7.528626919,4.507996559
14:27:35,13.60018158,19.98090553,7.620212555,4.619824409,,7.620212555,4.619824409
14:27:36,13.59509563,19.98090553,7.554067612,4.538495064,,7.554067612,4.538495064
14:27:37,13.4628706,19.97582245,7.574419975,4.680821419,,7.574419975,4.680821419
14:27:38,13.39675808,19.98090553,7.615124702,4.53341198,,7.615124702,4.53341198
14:27:39,13.49338341,19.98598862,7.635477066,4.589325905,,7.635477066,4.589325905
14:27:40,13.49846935,19.98598862,7.615124702,4.518162727,,7.615124702,4.518162727
14:27:41,13.5035553,19.97582245,7.604948521,4.584242821,,7.604948521,4.584242821
14:27:42,13.4628706,19.98090553,7.599860191,4.640156746,,7.599860191,4.640156746
14:27:43,13.47304153,19.98090553,7.54389143,4.518162727,,7.54389143,4.518162727
14:27:44,13.43235683,19.97582245,7.533715248,4.599492073,,7.533715248,4.599492073
14:27:45,13.46795559,19.97582245,7.498098373,4.492747307,,7.498098373,4.492747307
14:27:46,13.4628706,19.98090553,7.462481976,4.594408989,,7.462481976,4.594408989
14:27:47,13.44761372,19.98090553,7.401424885,4.518162727,,7.401424885,4.518162727
14:27:48,13.45269871,19.98090553,7.386160374,4.482581139,,7.386160374,4.482581139
14:27:49,13.4628706,19.98598862,7.375984192,4.563910484,,7.375984192,4.563910484
14:27:50,13.46795559,19.98090553,7.335279465,4.53341198,,7.335279465,4.53341198
14:27:51,13.45269871,19.98090553,7.370896339,4.599492073,,7.370896339,4.599492073
14:27:52,13.44252777,19.98090553,7.314927101,4.538495064,,7.314927101,4.538495064
14:27:53,13.40692902,19.98090553,7.335279465,4.548661232,,7.335279465,4.548661232
14:27:54,13.44252777,19.98090553,7.294574738,4.584242821,,7.294574738,4.584242821
14:27:55,13.44252777,19.97582245,7.248782158,4.589325905,,7.248782158,4.589325905
14:27:56,13.42727089,19.97582245,7.289486885,4.492747307,,7.289486885,4.492747307
14:27:57,13.45778465,19.98598862,7.264046192,4.5588274,,7.264046192,4.5588274
14:27:58,13.32047367,19.97582245,7.325103283,4.543578148,,7.325103283,4.543578148
14:27:59,13.31538868,19.98090553,7.233517647,4.548661232,,7.233517647,4.548661232
14:28:00,13.41709995,19.98090553,7.274222374,4.604575157,,7.274222374,4.604575157
14:28:01,13.41709995,19.98090553,7.213165283,4.538495064,,7.213165283,4.538495064
14:28:02,13.39167213,19.98090553,7.182636738,4.589325905,,7.182636738,4.589325905
14:28:03,13.19333458,19.98090553,7.162284374,4.53341198,,7.162284374,4.53341198
14:28:04,12.9339695,19.98090553,7.096139431,4.53341198,,7.096139431,4.53341198
14:28:05,12.87294197,19.97582245,7.111403465,4.528328896,,7.111403465,4.528328896
14:28:06,12.90854168,19.97582245,7.019817829,4.553744316,,7.019817829,4.553744316
14:28:07,13.02550983,19.98598862,6.806118011,4.538495064,,6.806118011,4.538495064
14:28:08,13.11705017,19.98090553,6.561889648,4.553744316,,6.561889648,4.553744316
14:28:09,13.11196518,19.97582245,6.348189831,4.548661232,,6.348189831,4.548661232
14:28:10,13.08145142,19.98090553,6.256604195,4.523245811,,6.256604195,4.523245811
14:28:11,13.07636547,19.98090553,6.103961468,4.513079643,,6.103961468,4.513079643
14:28:12,12.98482513,19.98090553,6.139578342,4.513079643,,6.139578342,4.513079643
14:28:13,13.00516701,19.98090553,6.093785286,4.431750298,,6.093785286,4.431750298
14:28:14,13.10687923,19.98090553,6.047992706,4.426667213,,6.047992706,4.426667213
14:28:15,13.18824863,19.98598862,5.951318741,4.457165718,,5.951318741,4.457165718
14:28:16,13.18316269,19.97582245,5.869909286,4.396168709,,5.869909286,4.396168709
14:28:17,13.1780777,19.98090553,5.900437832,4.365670204,,5.900437832,4.365670204
14:28:18,13.137393,19.98090553,5.925878525,4.47241497,,5.925878525,4.47241497
14:28:19,13.02042389,19.98090553,5.910614014,4.36058712,,5.910614014,4.36058712
14:28:20,13.03568077,19.98090553,5.834292889,4.431750298,,5.834292889,4.431750298
14:28:21,13.04076672,19.98598862,5.936054707,4.457165718,,5.936054707,4.457165718
14:28:22,13.03568077,19.98090553,5.84446907,4.467331886,,5.84446907,4.467331886
14:28:23,13.07636547,19.97582245,5.798676014,4.396168709,,5.798676014,4.396168709
14:28:24,13.11196518,19.95040703,5.803764343,4.431750298,,5.803764343,4.431750298
14:28:25,13.20859051,19.89957619,5.681650162,4.462248802,,5.681650162,4.462248802
14:28:26,13.16282082,19.90974236,5.681650162,4.431750298,,5.681650162,4.431750298
14:28:27,13.08653641,19.81824684,5.625680923,4.314839363,,5.625680923,4.314839363
14:28:28,13.0153389,19.74200058,5.661297798,4.396168709,,5.661297798,4.396168709
14:28:29,13.10179329,19.8944931,5.610416889,4.380919456,,5.610416889,4.380919456
14:28:30,13.12722111,19.88941002,5.554447651,4.370753288,,5.554447651,4.370753288
14:28:31,12.96448231,19.68608665,5.600240707,4.350420952,,5.600240707,4.350420952
14:28:32,13.11196518,19.84874535,5.564623833,4.416501045,,5.564623833,4.416501045
14:28:33,13.10687923,19.91482544,5.478126526,4.391085625,,5.478126526,4.391085625
14:28:34,13.11705017,19.83857918,5.473038197,4.406334877,,5.473038197,4.406334877
14:28:35,13.0560236,19.84366226,5.340747833,4.370753288,,5.340747833,4.370753288
14:28:36,13.08145142,19.78774834,5.361100197,4.309756279,,5.361100197,4.309756279
14:28:37,13.12722111,19.65050507,5.315307617,4.345337868,,5.315307617,4.345337868
14:28:38,12.94922638,19.63525581,5.335659981,4.314839363,,5.335659981,4.314839363
14:28:39,12.90345573,19.57934189,5.300043106,4.3351717,,5.300043106,4.3351717
14:28:40,12.90854168,19.36585236,5.300043106,4.355504036,,5.300043106,4.355504036
14:28:41,12.80174351,19.23369217,5.198281288,4.319922447,,5.198281288,4.319922447
14:28:42,12.93905449,19.29977226,5.137224197,4.258925438,,5.137224197,4.258925438
14:28:43,13.07636547,19.56409264,5.106695652,4.406334877,,5.106695652,4.406334877
14:28:44,13.14247799,19.90465927,4.994757652,4.284340858,,4.994757652,4.284340858
14:28:45,13.08653641,19.86907768,5.040550709,4.340254784,,5.040550709,4.340254784
14:28:46,13.04076672,19.52851105,4.948965073,4.299590111,,4.948965073,4.299590111
14:28:47,12.91871262,19.29468918,4.999845982,4.3351717,,4.999845982,4.3351717
14:28:48,13.10687923,19.19811058,4.933700562,4.340254784,,4.933700562,4.340254784
14:28:49,13.08653641,19.10153198,4.969317436,4.386002541,,4.969317436,4.386002541
14:28:50,13.04585171,19.16761208,4.98458147,4.284340858,,4.98458147,4.284340858
14:28:51,13.1780777,19.23369217,4.867555618,4.284340858,,4.867555618,4.284340858
14:28:52,13.17299175,19.20827675,4.933700562,4.218260765,,4.933700562,4.218260765
14:28:53,13.12722111,19.21335983,4.882819653,4.314839363,,4.882819653,4.314839363
14:28:54,13.27978897,19.14219666,4.892995834,4.319922447,,4.892995834,4.319922447
14:28:55,13.4221859,19.08628273,4.974405289,4.309756279,,4.974405289,4.309756279
14:28:56,13.41201401,19.11169815,4.842114925,4.223343849,,4.842114925,4.223343849
14:28:57,13.41709995,19.14727974,4.867555618,4.289423943,,4.867555618,4.289423943
14:28:58,13.27978897,19.16761208,5.015110016,4.223343849,,5.015110016,4.223343849
14:28:59,13.32047367,19.18286133,4.938788891,4.24875927,,4.938788891,4.24875927
14:29:00,13.30521679,19.16252899,4.979493618,4.289423943,,4.979493618,4.289423943
14:29:01,13.37132931,19.16252899,5.025286198,4.258925438,,5.025286198,4.258925438
14:29:02,12.90345573,19.06086731,4.969317436,4.27417469,,4.969317436,4.27417469
14:29:03,12.71020317,19.1930275,5.010022163,4.238593102,,5.010022163,4.238593102
14:29:04,12.66443348,19.41160011,5.020198345,4.325005531,,5.020198345,4.325005531
14:29:05,12.6898613,19.57934189,4.943876743,4.218260765,,4.943876743,4.218260765
14:29:06,12.68477535,19.64542198,4.872643471,4.3351717,,4.872643471,4.3351717
14:29:07,12.65426159,19.59967422,4.760705471,4.294507027,,4.760705471,4.294507027
14:29:08,12.65426159,19.50817871,4.674208164,4.3351717,,4.674208164,4.3351717
14:29:09,12.67460442,19.58442497,4.618238926,4.253842354,,4.618238926,4.253842354
14:29:10,12.71528912,19.62508965,4.567358017,4.253842354,,4.567358017,4.253842354
14:29:11,12.80174351,19.72166824,4.506300926,4.284340858,,4.506300926,4.284340858
14:29:12,12.88311291,19.82332993,4.562270164,4.330088615,,4.562270164,4.330088615
14:29:13,13.03059578,19.72166824,4.399451256,4.24875927,,4.399451256,4.24875927
14:29:14,13.00516701,19.71658516,4.424891472,4.340254784,,4.424891472,4.340254784
14:29:15,12.98482513,19.66067123,4.445243835,4.258925438,,4.445243835,4.258925438
14:29:16,12.96956825,19.61492348,4.470684528,4.238593102,,4.470684528,4.238593102
14:29:17,12.90345573,19.5437603,4.567358017,4.279257774,,4.567358017,4.279257774
14:29:18,12.69494629,19.3506031,4.465596199,4.18776226,,4.465596199,4.18776226
14:29:19,12.92888355,19.26927376,4.52665329,4.208094597,,4.52665329,4.208094597
14:29:20,12.98991108,19.23877525,4.608062744,4.345337868,,4.608062744,4.345337868
14:29:21,12.88819885,19.18794441,4.618238926,4.294507027,,4.618238926,4.294507027
14:29:22,13.13230705,19.18286133,4.633503437,4.258925438,,4.633503437,4.258925438
14:29:23,13.03568077,19.18286133,4.577534199,4.208094597,,4.577534199,4.208094597
14:29:24,12.88311291,19.23877525,4.628415108,4.258925438,,4.628415108,4.258925438
14:29:25,12.84751415,19.33027077,4.613151073,4.192845345,,4.613151073,4.192845345
14:29:26,12.74580288,19.33027077,4.669119835,4.218260765,,4.669119835,4.218260765
14:29:27,12.75088787,19.3506031,4.623327255,4.258925438,,4.623327255,4.258925438
14:29:28,12.80682945,19.45226479,4.653855801,4.279257774,,4.653855801,4.279257774
14:29:29,13.03059578,19.75724983,4.679296017,4.223343849,,4.679296017,4.223343849
14:29:30,13.24419022,19.95549011,4.577534199,4.213177681,,4.577534199,4.213177681
14:29:31,13.32555962,19.98090553,4.664031982,4.294507027,,4.664031982,4.294507027
14:29:32,13.27978897,19.97582245,4.674208164,4.299590111,,4.674208164,4.299590111
14:29:33,13.23910427,19.98090553,4.684384346,4.238593102,,4.684384346,4.238593102
14:29:34,13.16282082,19.98090553,4.770881653,4.269091606,,4.770881653,4.269091606
14:29:35,13.24927521,19.98090553,4.714912891,4.309756279,,4.714912891,4.309756279
14:29:36,13.48321247,19.98598862,4.852291107,4.27417469,,4.852291107,4.27417469
14:29:37,13.52898312,19.98090553,4.7657938,4.197928429,,4.7657938,4.197928429
14:29:38,13.53406811,19.97582245,4.791234016,4.289423943,,4.791234016,4.289423943
14:29:39,13.45269871,19.97582245,4.786146164,4.269091606,,4.786146164,4.269091606
14:29:40,13.33064461,19.98090553,4.918436527,4.208094597,,4.918436527,4.208094597
14:29:41,13.14756393,19.98090553,4.928612709,4.253842354,,4.928612709,4.253842354
14:29:42,13.0967083,19.91482544,4.994757652,4.228426933,,4.994757652,4.228426933
14:29:43,13.19333458,19.98598862,5.004933834,4.319922447,,5.004933834,4.319922447
14:29:44,13.11196518,19.98090553,5.030374527,4.279257774,,5.030374527,4.279257774
14:29:45,13.02550983,19.98090553,5.081255436,4.370753288,,5.081255436,4.370753288
14:29:46,12.98991108,19.98598862,5.09651947,4.36058712,,5.09651947,4.36058712
14:29:47,12.94922638,19.98090553,5.030374527,4.355504036,,5.030374527,4.355504036
14:29:48,13.02550983,19.97582245,4.974405289,4.319922447,,4.974405289,4.319922447
14:29:49,13.00516701,19.98090553,4.92352438,4.340254784,,4.92352438,4.340254784
14:29:50,12.9746542,19.98598862,5.025286198,4.304673195,,5.025286198,4.304673195
14:29:51,13.03059578,19.98090553,4.933700562,4.314839363,,4.933700562,4.314839363
14:29:52,12.94414043,19.98090553,4.882819653,4.284340858,,4.882819653,4.284340858
14:29:53,13.00516701,19.97582245,4.831938744,4.350420952,,4.831938744,4.350420952
14:29:54,12.99499607,19.98090553,4.796322346,4.289423943,,4.796322346,4.289423943
14:29:55,13.06110859,19.98598862,4.882819653,4.243676186,,4.882819653,4.243676186
14:29:56,13.0153389,19.98598862,4.81158638,4.284340858,,4.81158638,4.284340858
14:29:57,13.00516701,19.98598862,4.720000744,4.27417469,,4.720000744,4.27417469
14:29:58,12.92379761,19.98090553,4.709824562,4.3351717,,4.709824562,4.3351717
14:29:59,12.88819885,19.98598862,4.81158638,4.264008522,,4.81158638,4.264008522
14:30:00,12.8932848,19.98598862,4.674208164,4.314839363,,4.674208164,4.314839363
14:30:01,12.92379761,19.98598862,4.781057835,4.319922447,,4.781057835,4.319922447
14:30:02,12.90854168,19.98090553,4.745441437,4.258925438,,4.745441437,4.258925438
14:30:03,12.88819885,19.98598862,4.709824562,4.264008522,,4.709824562,4.264008522
14:30:04,12.83225727,19.98598862,4.679296017,4.314839363,,4.679296017,4.314839363
14:30:05,12.81700039,19.98090553,4.69964838,4.213177681,,4.69964838,4.213177681
14:30:06,12.78648758,19.97582245,4.63859129,4.325005531,,4.63859129,4.325005531
14:30:07,12.76105881,19.98090553,4.567358017,4.27417469,,4.567358017,4.27417469
14:30:08,12.72546005,19.80299759,4.628415108,4.264008522,,4.628415108,4.264008522
14:30:09,12.730546,19.74200058,4.587710381,4.258925438,,4.587710381,4.258925438
14:30:10,12.72546005,19.63525581,4.521565437,4.258925438,,4.521565437,4.258925438
14:30:11,12.71528912,19.77758217,4.485948563,4.228426933,,4.485948563,4.228426933
14:30:12,12.74071693,19.95549011,4.455420017,4.299590111,,4.455420017,4.299590111
14:30:13,12.76105881,19.98090553,4.460508347,4.24875927,,4.460508347,4.24875927
14:30:14,12.73563099,19.98090553,4.465596199,4.264008522,,4.465596199,4.264008522
14:30:15,12.74580288,19.98090553,4.384186745,4.208094597,,4.384186745,4.208094597
14:30:16,12.73563099,19.98090553,4.445243835,4.243676186,,4.445243835,4.243676186
14:30:17,12.71528912,19.98090553,4.435067654,4.258925438,,4.435067654,4.258925438
14:30:18,12.70511818,19.98090553,4.424891472,4.243676186,,4.424891472,4.243676186
14:30:19,12.68477535,19.97582245,4.465596199,4.269091606,,4.465596199,4.269091606
14:30:20,12.66951847,19.93007469,4.348570347,4.208094597,,4.348570347,4.208094597
14:30:21,12.66443348,19.98090553,4.333305836,4.269091606,,4.333305836,4.269091606
14:30:22,12.65426159,19.94024086,4.36892271,4.27417469,,4.36892271,4.27417469
14:30:23,12.67460442,19.78774834,4.445243835,4.319922447,,4.445243835,4.319922447
14:30:24,12.67460442,19.89957619,4.333305836,4.294507027,,4.333305836,4.294507027
14:30:25,12.65934753,19.97582245,4.30277729,4.314839363,,4.30277729,4.314839363
14:30:26,12.65934753,19.8639946,4.328217983,4.264008522,,4.328217983,4.264008522
14:30:27,12.66443348,19.63525581,4.374010563,4.258925438,,4.374010563,4.258925438
14:30:28,12.66443348,19.43701553,4.409627438,4.203011513,,4.409627438,4.203011513
14:30:29,12.66951847,19.41160011,4.267160892,4.223343849,,4.267160892,4.223343849
14:30:30,12.67968941,19.65558815,4.379098892,4.294507027,,4.379098892,4.294507027
14:30:31,12.66443348,19.77758217,4.348570347,4.208094597,,4.348570347,4.208094597
14:30:32,12.66443348,19.8639946,4.318041801,4.177596092,,4.318041801,4.177596092
14:30:33,12.65934753,19.97582245,4.323129654,4.172513008,,4.323129654,4.172513008
14:30:34,12.6491766,19.98598862,4.353658199,4.203011513,,4.353658199,4.203011513
14:30:35,12.65934753,19.9605732,4.297689438,4.253842354,,4.297689438,4.253842354
14:30:36,12.63391972,19.91990852,4.216279984,4.228426933,,4.216279984,4.228426933
14:30:37,12.64409065,19.95040703,4.348570347,4.243676186,,4.348570347,4.243676186
14:30:38,12.63900471,19.92499161,4.246808529,4.258925438,,4.246808529,4.258925438
14:30:39,12.65426159,19.90974236,4.256984711,4.233510017,,4.256984711,4.233510017
14:30:40,12.64409065,19.65050507,4.236632347,4.253842354,,4.236632347,4.253842354
14:30:41,12.6491766,19.56917572,4.201015472,4.233510017,,4.201015472,4.233510017
14:30:42,12.63900471,19.7369175,4.216279984,4.258925438,,4.216279984,4.258925438
14:30:43,12.6491766,19.71150208,4.297689438,4.203011513,,4.297689438,4.203011513
14:30:44,12.65934753,19.56409264,4.180663109,4.264008522,,4.180663109,4.264008522
14:30:45,12.63900471,19.6403389,4.246808529,4.238593102,,4.246808529,4.238593102
14:30:46,12.63900471,19.79791451,4.267160892,4.264008522,,4.267160892,4.264008522
14:30:47,12.65426159,19.85382843,4.267160892,4.177596092,,4.267160892,4.177596092
14:30:48,12.6491766,19.83349609,4.267160892,4.223343849,,4.267160892,4.223343849
14:30:49,12.66951847,19.90465927,4.185751438,4.172513008,,4.185751438,4.172513008
14:30:50,12.66443348,19.80808067,4.155222893,4.203011513,,4.155222893,4.203011513
14:30:51,12.66951847,19.98090553,4.165399075,4.238593102,,4.165399075,4.238593102
14:30:52,12.67460442,19.97582245,4.328217983,4.157263756,,4.328217983,4.157263756
14:30:53,12.67968941,19.90974236,4.221367836,4.223343849,,4.221367836,4.223343849
14:30:54,12.70511818,19.98090553,4.180663109,4.208094597,,4.180663109,4.208094597
14:30:55,12.71528912,19.98598862,4.231544018,4.243676186,,4.231544018,4.243676186
14:30:56,12.70003223,19.98598862,4.267160892,4.24875927,,4.267160892,4.24875927
14:30:57,12.67968941,19.72166824,4.292601109,4.304673195,,4.292601109,4.304673195
14:30:58,12.67968941,19.6708374,4.272248745,4.208094597,,4.272248745,4.208094597
14:30:59,12.70003223,19.78266525,4.226456165,4.172513008,,4.226456165,4.172513008
14:31:00,12.6898613,19.91482544,4.2417202,4.258925438,,4.2417202,4.258925438
14:31:01,12.68477535,19.91990852,4.206103802,4.258925438,,4.206103802,4.258925438
14:31:02,12.70003223,19.8944931,4.30277729,4.233510017,,4.30277729,4.233510017
14:31:03,12.71020317,19.91990852,4.180663109,4.208094597,,4.180663109,4.208094597
14:31:04,12.71528912,19.59967422,4.30277729,4.258925438,,4.30277729,4.258925438
14:31:05,12.71020317,19.56917572,4.30786562,4.264008522,,4.30786562,4.264008522
14:31:06,12.730546,19.60984039,4.338394165,4.24875927,,4.338394165,4.24875927
14:31:07,12.72546005,19.58442497,4.343482018,4.24875927,,4.343482018,4.24875927
14:31:08,12.70003223,19.63525581,4.292601109,4.264008522,,4.292601109,4.264008522
14:31:09,12.71020317,19.58950806,4.282424927,4.27417469,,4.282424927,4.27417469
14:31:10,12.70003223,19.46243095,4.282424927,4.192845345,,4.282424927,4.192845345
14:31:11,12.70003223,19.45226479,4.328217983,4.299590111,,4.328217983,4.299590111
14:31:12,12.70511818,19.59967422,4.328217983,4.182679176,,4.328217983,4.182679176
14:31:13,12.69494629,19.70641899,4.256984711,4.253842354,,4.256984711,4.253842354
14:31:14,12.70003223,19.71658516,4.236632347,4.258925438,,4.236632347,4.258925438
14:31:15,12.70003223,19.80299759,4.297689438,4.258925438,,4.297689438,4.258925438
14:31:16,12.71020317,19.87924385,4.379098892,4.309756279,,4.379098892,4.309756279
14:31:17,12.67460442,19.93515778,4.363834381,4.309756279,,4.363834381,4.309756279
14:31:18,12.68477535,19.98090553,4.277337074,4.284340858,,4.277337074,4.284340858
14:31:19,12.66951847,19.84366226,4.272248745,4.213177681,,4.272248745,4.213177681
14:31:20,12.66443348,19.63525581,4.272248745,4.182679176,,4.272248745,4.182679176
14:31:21,12.67460442,19.58442497,4.2417202,4.253842354,,4.2417202,4.253842354
14:31:22,12.67460442,19.26927376,4.256984711,4.243676186,,4.256984711,4.243676186
14:31:23,12.67968941,19.1269474,4.206103802,4.18776226,,4.206103802,4.18776226
14:31:24,12.67968941,19.39126778,4.262072563,4.27417469,,4.262072563,4.27417469
14:31:25,12.68477535,19.41160011,4.348570347,4.330088615,,4.348570347,4.330088615
14:31:26,12.67460442,19.25402451,4.246808529,4.258925438,,4.246808529,4.258925438
14:31:27,12.67968941,19.07611656,4.160310745,4.213177681,,4.160310745,4.213177681
14:31:28,12.68477535,19.08119965,4.246808529,4.228426933,,4.246808529,4.228426933
14:31:29,12.69494629,19.223526,4.297689438,4.258925438,,4.297689438,4.258925438
14:31:30,12.6898613,19.08119965,4.170486927,4.213177681,,4.170486927,4.213177681
14:31:31,12.68477535,19.04561806,4.221367836,4.238593102,,4.221367836,4.238593102
14:31:32,12.68477535,19.01511955,4.2417202,4.228426933,,4.2417202,4.228426933
14:31:33,12.6898613,18.95412254,4.145046711,4.27417469,,4.145046711,4.27417469
14:31:34,12.67968941,18.94395638,4.19592762,4.264008522,,4.19592762,4.264008522
14:31:35,12.68477535,18.81687927,4.231544018,4.24875927,,4.231544018,4.24875927
14:31:36,12.66951847,18.60847282,4.246808529,4.24875927,,4.246808529,4.24875927
14:31:37,12.67460442,18.53730965,4.190839291,4.218260765,,4.190839291,4.218260765
14:31:38,12.67460442,18.50172806,4.185751438,4.253842354,,4.185751438,4.253842354
14:31:39,12.68477535,18.58814049,4.201015472,4.238593102,,4.201015472,4.238593102
14:31:40,12.67460442,18.69996834,4.231544018,4.208094597,,4.231544018,4.208094597
14:31:41,12.67460442,18.74063301,4.145046711,4.253842354,,4.145046711,4.253842354
14:31:42,12.68477535,18.84229469,4.165399075,4.177596092,,4.165399075,4.177596092
14:31:43,12.66951847,18.79146385,4.165399075,4.258925438,,4.165399075,4.258925438
14:31:44,12.67460442,18.81687927,4.124694347,4.294507027,,4.124694347,4.294507027
14:31:45,12.68477535,18.97445488,4.175575256,4.208094597,,4.175575256,4.208094597
14:31:46,12.67968941,19.02020264,4.114518166,4.27417469,,4.114518166,4.27417469
14:31:47,12.67460442,18.92362404,4.145046711,4.264008522,,4.145046711,4.264008522
14:31:48,12.65934753,18.86771011,4.185751438,4.192845345,,4.185751438,4.192845345
14:31:49,12.67460442,18.85246086,4.201015472,4.228426933,,4.201015472,4.228426933
14:31:50,12.66951847,18.85246086,4.145046711,4.264008522,,4.145046711,4.264008522
14:31:51,12.66443348,19.04053497,4.165399075,4.264008522,,4.165399075,4.264008522
14:31:52,12.66951847,19.30485535,4.190839291,4.213177681,,4.190839291,4.213177681
14:31:53,12.67968941,19.28960609,4.114518166,4.218260765,,4.114518166,4.218260765
14:31:54,12.67460442,19.30993843,4.1297822,4.299590111,,4.1297822,4.299590111
14:31:55,12.66951847,19.28960609,4.150134563,4.172513008,,4.150134563,4.172513008
14:31:56,12.67968941,19.15744591,4.160310745,4.192845345,,4.160310745,4.192845345
14:31:57,12.66951847,19.06595039,4.094165802,4.228426933,,4.094165802,4.228426933
14:31:58,12.68477535,18.78129768,4.099253654,4.177596092,,4.099253654,4.177596092
14:31:59,12.67460442,18.56272507,4.089077473,4.203011513,,4.089077473,4.203011513
14:32:00,12.6898613,18.50172806,4.160310745,4.18776226,,4.160310745,4.18776226
14:32:01,12.6898613,18.64405441,4.206103802,4.279257774,,4.206103802,4.279257774
14:32:02,12.6898613,18.84737778,4.134870529,4.269091606,,4.134870529,4.269091606
14:32:03,12.6898613,18.90837479,4.124694347,4.18776226,,4.124694347,4.18776226
14:32:04,12.70003223,18.76096535,4.068725109,4.24875927,,4.068725109,4.24875927
14:32:05,12.68477535,18.47122955,4.094165802,4.18776226,,4.094165802,4.18776226
14:32:06,12.70511818,18.37465096,4.1297822,4.24875927,,4.1297822,4.24875927
14:32:07,12.6898613,18.59830666,4.150134563,4.294507027,,4.150134563,4.294507027
14:32:08,12.6898613,18.68471909,4.180663109,4.213177681,,4.180663109,4.213177681
14:32:09,12.70003223,18.51697731,4.201015472,4.18776226,,4.201015472,4.18776226
14:32:10,12.6898613,18.29332161,4.109429836,4.233510017,,4.109429836,4.233510017
14:32:11,12.6898613,18.49156189,4.165399075,4.192845345,,4.165399075,4.192845345
14:32:12,12.6898613,18.74063301,4.124694347,4.269091606,,4.124694347,4.269091606
14:32:13,12.68477535,18.78129768,4.185751438,4.253842354,,4.185751438,4.253842354
14:32:14,12.67460442,18.41531563,4.190839291,4.208094597,,4.190839291,4.208094597
14:32:15,12.69494629,18.48647881,4.058548927,4.238593102,,4.058548927,4.238593102
14:32:16,12.69494629,18.65930367,4.150134563,4.218260765,,4.150134563,4.218260765
14:32:17,12.69494629,19.09136581,4.124694347,4.269091606,,4.124694347,4.269091606
14:32:18,12.67968941,19.16252899,4.155222893,4.233510017,,4.155222893,4.233510017
14:32:19,12.6898613,19.31502151,4.139958382,4.16234684,,4.139958382,4.16234684
14:32:20,12.70003223,19.36585236,4.175575256,4.228426933,,4.175575256,4.228426933
14:32:21,12.72546005,19.34552002,4.170486927,4.3351717,,4.170486927,4.3351717
14:32:22,12.730546,19.25910759,4.1297822,4.289423943,,4.1297822,4.289423943
14:32:23,12.730546,19.25402451,4.114518166,4.253842354,,4.114518166,4.253842354
14:32:24,12.73563099,19.21844292,4.048372746,4.203011513,,4.048372746,4.203011513
14:32:25,12.72546005,19.18794441,4.221367836,4.299590111,,4.221367836,4.299590111
14:32:26,12.75088787,19.10661507,4.109429836,4.350420952,,4.109429836,4.350420952
14:32:27,12.74580288,19.06595039,4.19592762,4.213177681,,4.19592762,4.213177681
14:32:28,12.75088787,19.08628273,4.145046711,4.304673195,,4.145046711,4.304673195
14:32:29,12.74071693,19.14219666,4.206103802,4.253842354,,4.206103802,4.253842354
14:32:30,12.73563099,19.16252899,4.114518166,4.197928429,,4.114518166,4.197928429
14:32:31,12.73563099,19.11169815,4.170486927,4.238593102,,4.170486927,4.238593102
14:32:32,12.74580288,19.02020264,4.2417202,4.309756279,,4.2417202,4.309756279
14:32:33,12.72546005,18.94395638,4.170486927,4.264008522,,4.170486927,4.264008522
14:32:34,12.73563099,18.92362404,4.1297822,4.284340858,,4.1297822,4.284340858
14:32:35,12.730546,18.88295937,4.19592762,4.238593102,,4.19592762,4.238593102
14:32:36,12.730546,18.85246086,4.226456165,4.218260765,,4.226456165,4.218260765
14:32:37,12.75597382,19.04053497,4.2417202,4.228426933,,4.2417202,4.228426933
14:32:38,12.730546,19.13203049,4.190839291,4.304673195,,4.190839291,4.304673195
14:32:39,12.74071693,19.40143394,4.185751438,4.309756279,,4.185751438,4.309756279
14:32:40,12.72037411,19.29468918,4.134870529,4.223343849,,4.134870529,4.223343849
14:32:41,12.75597382,19.46751404,4.078901291,4.258925438,,4.078901291,4.258925438
14:32:42,12.72037411,19.55392647,4.221367836,4.197928429,,4.221367836,4.197928429
14:32:43,12.71020317,19.47259712,4.165399075,4.279257774,,4.165399075,4.279257774
14:32:44,12.730546,19.24385834,4.201015472,4.279257774,,4.201015472,4.279257774
14:32:45,12.74580288,19.12186432,4.190839291,4.253842354,,4.190839291,4.253842354
14:32:46,12.75088787,19.07611656,4.231544018,4.253842354,,4.231544018,4.253842354
14:32:47,12.7712307,19.28452301,4.1297822,4.238593102,,4.1297822,4.238593102
14:32:48,12.75597382,19.58442497,4.190839291,4.304673195,,4.190839291,4.304673195
14:32:49,12.7712307,19.62000656,4.170486927,4.203011513,,4.170486927,4.203011513
14:32:50,12.78140163,19.68100357,4.256984711,4.197928429,,4.256984711,4.197928429
14:32:51,12.76614475,19.84874535,4.180663109,4.304673195,,4.180663109,4.304673195
14:32:52,12.78140163,19.98090553,4.180663109,4.208094597,,4.180663109,4.208094597
14:32:53,12.77631569,19.89957619,4.165399075,4.309756279,,4.165399075,4.309756279
14:32:54,12.75597382,19.71150208,4.190839291,4.284340858,,4.190839291,4.284340858
14:32:55,12.75597382,19.60984039,4.160310745,4.208094597,,4.160310745,4.208094597
14:32:56,12.74071693,19.60475731,4.226456165,4.258925438,,4.226456165,4.258925438
14:32:57,12.70003223,19.59459114,4.287513256,4.284340858,,4.287513256,4.284340858
14:32:58,12.66951847,19.6708374,4.231544018,4.299590111,,4.231544018,4.299590111
14:32:59,12.66443348,19.47768021,4.236632347,4.223343849,,4.236632347,4.223343849
14:33:00,12.65934753,19.3201046,4.221367836,4.24875927,,4.221367836,4.24875927
14:33:01,12.65934753,19.49292946,4.206103802,4.243676186,,4.206103802,4.243676186
14:33:02,12.66951847,19.45734787,4.150134563,4.294507027,,4.150134563,4.294507027
14:33:03,12.66951847,19.46751404,4.272248745,4.24875927,,4.272248745,4.24875927
14:33:04,12.68477535,19.49801254,4.185751438,4.309756279,,4.185751438,4.309756279
14:33:05,12.67460442,19.63525581,4.1297822,4.233510017,,4.1297822,4.233510017
14:33:06,12.66951847,19.68100357,4.272248745,4.279257774,,4.272248745,4.279257774
14:33:07,12.67460442,19.77249908,4.201015472,4.24875927,,4.201015472,4.24875927
14:33:08,12.66951847,19.90974236,4.226456165,4.299590111,,4.226456165,4.299590111
14:33:09,12.67460442,19.85382843,4.180663109,4.269091606,,4.180663109,4.269091606
14:33:10,12.67460442,19.65050507,4.190839291,4.294507027,,4.190839291,4.294507027
14:33:11,12.67460442,19.55900955,4.231544018,4.340254784,,4.231544018,4.340254784
14:33:12,12.67968941,19.65050507,4.216279984,4.319922447,,4.216279984,4.319922447
14:33:13,12.67460442,19.84366226,4.246808529,4.340254784,,4.246808529,4.340254784
14:33:14,12.66443348,19.83349609,4.221367836,4.330088615,,4.221367836,4.330088615
14:33:15,12.67460442,19.71150208,4.099253654,4.27417469,,4.099253654,4.27417469
14:33:16,12.65426159,19.65050507,4.155222893,4.228426933,,4.155222893,4.228426933
14:33:17,12.67460442,19.5437603,4.190839291,4.304673195,,4.190839291,4.304673195
14:33:18,12.65934753,19.60984039,4.124694347,4.269091606,,4.124694347,4.269091606
14:33:19,12.66443348,19.62508965,4.165399075,4.279257774,,4.165399075,4.279257774
14:33:20,12.66443348,19.65558815,4.124694347,4.218260765,,4.124694347,4.218260765
14:33:21,12.64409065,19.37601852,4.1297822,4.233510017,,4.1297822,4.233510017
14:33:22,12.6491766,19.26419067,4.099253654,4.203011513,,4.099253654,4.203011513
14:33:23,12.65934753,19.18286133,4.139958382,4.228426933,,4.139958382,4.228426933
14:33:24,12.65934753,19.10661507,4.201015472,4.27417469,,4.201015472,4.27417469
14:33:25,12.66951847,19.15744591,4.124694347,4.319922447,,4.124694347,4.319922447
14:33:26,12.6491766,19.29977226,4.124694347,4.304673195,,4.124694347,4.304673195
14:33:27,12.65934753,19.36076927,4.139958382,4.27417469,,4.139958382,4.27417469
14:33:28,12.65426159,19.36585236,4.145046711,4.345337868,,4.145046711,4.345337868
14:33:29,12.66951847,19.50309563,4.206103802,4.228426933,,4.206103802,4.228426933
14:33:30,12.6491766,19.62000656,4.1297822,4.253842354,,4.1297822,4.253842354
14:33:31,12.64409065,19.52851105,4.1297822,4.238593102,,4.1297822,4.238593102
14:33:32,12.6491766,19.51834488,4.099253654,4.228426933,,4.099253654,4.228426933
14:33:33,12.65934753,19.47259712,4.160310745,4.304673195,,4.160310745,4.304673195
14:33:34,12.65934753,19.41160011,4.048372746,4.258925438,,4.048372746,4.258925438
14:33:35,12.65426159,19.37601852,4.134870529,4.233510017,,4.134870529,4.233510017
14:33:36,12.66443348,19.30993843,4.119606018,4.243676186,,4.119606018,4.243676186
14:33:37,12.65934753,19.3201046,4.063637257,4.233510017,,4.063637257,4.233510017
14:33:38,12.65426159,19.21335983,4.160310745,4.314839363,,4.160310745,4.314839363
14:33:39,12.66443348,19.27943993,4.063637257,4.289423943,,4.063637257,4.289423943
14:33:40,12.6491766,19.37601852,4.1297822,4.238593102,,4.1297822,4.238593102
14:33:41,12.65426159,19.53359413,4.028020382,4.203011513,,4.028020382,4.203011513
14:33:42,12.65426159,19.59459114,4.094165802,4.213177681,,4.094165802,4.213177681
14:33:43,12.65426159,19.55392647,4.175575256,4.294507027,,4.175575256,4.294507027
14:33:44,12.65426159,19.55392647,4.043284893,4.197928429,,4.043284893,4.197928429
14:33:45,12.65426159,19.55392647,4.109429836,4.294507027,,4.109429836,4.294507027
14:33:46,12.64409065,19.59967422,4.150134563,4.258925438,,4.150134563,4.258925438
14:33:47,12.66443348,19.57934189,4.073813438,4.223343849,,4.073813438,4.223343849
14:33:48,12.65934753,19.5742588,4.114518166,4.228426933,,4.114518166,4.228426933
14:33:49,12.66443348,19.62508965,4.170486927,4.243676186,,4.170486927,4.243676186
14:33:50,12.65934753,19.58442497,4.058548927,4.289423943,,4.058548927,4.289423943
14:33:51,12.65934753,19.48784637,4.068725109,4.340254784,,4.068725109,4.340254784
14:33:52,12.65426159,19.52342796,4.114518166,4.264008522,,4.114518166,4.264008522
14:33:53,12.6491766,19.39126778,4.022932529,4.223343849,,4.022932529,4.223343849
14:33:54,12.66951847,19.29468918,4.099253654,4.253842354,,4.099253654,4.253842354
14:33:55,12.65934753,19.30485535,4.099253654,4.304673195,,4.099253654,4.304673195
14:33:56,12.65426159,19.25402451,4.185751438,4.269091606,,4.185751438,4.269091606
14:33:57,12.66443348,19.21844292,4.119606018,4.218260765,,4.119606018,4.218260765
14:33:58,12.65426159,19.23877525,4.033108711,4.309756279,,4.033108711,4.309756279
14:33:59,12.66951847,19.22860909,4.043284893,4.223343849,,4.043284893,4.223343849
14:34:00,12.66951847,19.24894142,4.033108711,4.279257774,,4.033108711,4.279257774
14:34:01,12.65934753,19.30485535,4.043284893,4.208094597,,4.043284893,4.208094597
14:34:02,12.65934753,19.30485535,4.048372746,4.289423943,,4.048372746,4.289423943
14:34:03,12.65426159,19.14219666,4.150134563,4.238593102,,4.150134563,4.238593102
14:34:04,12.64409065,19.11678123,4.124694347,4.253842354,,4.124694347,4.253842354
14:34:05,12.6491766,19.08119965,4.114518166,4.208094597,,4.114518166,4.208094597
14:34:06,12.65934753,19.06595039,4.089077473,4.203011513,,4.089077473,4.203011513
14:34:07,12.64409065,19.23877525,4.078901291,4.284340858,,4.078901291,4.284340858
14:34:08,12.66443348,19.32518768,4.08398962,4.238593102,,4.08398962,4.238593102
14:34:09,12.6491766,19.37601852,4.114518166,4.228426933,,4.114518166,4.228426933
14:34:10,12.6491766,19.43193245,4.033108711,4.269091606,,4.033108711,4.269091606
14:34:11,12.6491766,19.47768021,4.094165802,4.258925438,,4.094165802,4.258925438
14:34:12,12.65934753,19.49292946,4.048372746,4.197928429,,4.048372746,4.197928429
14:34:13,12.6491766,19.3506031,3.997492075,4.177596092,,3.997492075,4.177596092
14:34:14,12.65426159,19.1269474,4.236632347,4.294507027,,4.236632347,4.294507027
14:34:15,12.66951847,19.06086731,4.073813438,4.319922447,,4.073813438,4.319922447
14:34:16,12.65934753,19.10153198,4.155222893,4.345337868,,4.155222893,4.345337868
14:34:17,12.65426159,19.18286133,4.058548927,4.203011513,,4.058548927,4.203011513
14:34:18,12.65934753,19.223526,4.094165802,4.269091606,,4.094165802,4.269091606
14:34:19,12.6491766,19.24894142,4.068725109,4.27417469,,4.068725109,4.27417469
14:34:20,12.66951847,19.34552002,4.063637257,4.182679176,,4.063637257,4.182679176
14:34:21,12.65426159,19.46751404,4.134870529,4.304673195,,4.134870529,4.304673195
14:34:22,12.65934753,19.63017273,4.043284893,4.197928429,,4.043284893,4.197928429
14:34:23,12.66951847,19.68100357,4.094165802,4.396168709,,4.094165802,4.396168709
14:34:24,12.65934753,19.6708374,4.226456165,4.223343849,,4.226456165,4.223343849
14:34:25,12.65934753,19.7369175,4.114518166,4.228426933,,4.114518166,4.228426933
14:34:26,12.66443348,19.81824684,4.078901291,4.304673195,,4.078901291,4.304673195
14:34:27,12.66443348,19.83857918,4.175575256,4.258925438,,4.175575256,4.258925438
14:34:28,12.65934753,19.82841301,4.124694347,4.238593102,,4.124694347,4.238593102
14:34:29,12.65934753,19.73183441,4.109429836,4.279257774,,4.109429836,4.279257774
14:34:30,12.65426159,19.69625282,4.170486927,4.330088615,,4.170486927,4.330088615
14:34:31,12.65426159,19.53867722,4.155222893,4.294507027,,4.155222893,4.294507027
14:34:32,12.65426159,19.38110161,4.139958382,4.177596092,,4.139958382,4.177596092
14:34:33,12.65934753,19.44209862,4.150134563,4.197928429,,4.150134563,4.197928429
14:34:34,12.6491766,19.35568619,4.099253654,4.213177681,,4.099253654,4.213177681
14:34:35,12.6491766,19.41160011,4.251896381,4.24875927,,4.251896381,4.24875927
14:34:36,12.65426159,19.46243095,4.114518166,4.314839363,,4.114518166,4.314839363
14:34:37,12.64409065,19.59967422,4.104341984,4.325005531,,4.104341984,4.325005531
14:34:38,12.6491766,19.7369175,4.068725109,4.365670204,,4.068725109,4.365670204
14:34:39,12.66443348,19.74708366,4.063637257,4.197928429,,4.063637257,4.197928429
14:34:40,12.65934753,19.81316376,4.155222893,4.258925438,,4.155222893,4.258925438
14:34:41,12.65426159,19.80808067,4.048372746,4.279257774,,4.048372746,4.279257774
14:34:42,12.63391972,19.83857918,4.160310745,4.314839363,,4.160310745,4.314839363
14:34:43,12.6491766,19.89957619,4.022932529,4.238593102,,4.022932529,4.238593102
14:34:44,12.63900471,19.83857918,4.165399075,4.289423943,,4.165399075,4.289423943
14:34:45,12.64409065,19.767416,4.078901291,4.386002541,,4.078901291,4.386002541
14:34:46,12.65426159,19.83857918,4.236632347,4.294507027,,4.236632347,4.294507027
14:34:47,12.6491766,19.84366226,4.104341984,4.233510017,,4.104341984,4.233510017
14:34:48,12.66951847,19.80808067,4.038196564,4.325005531,,4.038196564,4.325005531
14:34:49,12.66951847,19.69116974,4.124694347,4.243676186,,4.124694347,4.243676186
14:34:50,12.6491766,19.63525581,4.175575256,4.284340858,,4.175575256,4.284340858
14:34:51,12.65934753,19.64542198,4.1297822,4.233510017,,4.1297822,4.233510017
14:34:52,12.66951847,19.65050507,4.185751438,4.253842354,,4.185751438,4.253842354
14:34:53,12.66443348,19.65558815,4.139958382,4.269091606,,4.139958382,4.269091606
14:34:54,12.67460442,19.6403389,4.165399075,4.380919456,,4.165399075,4.380919456
14:34:55,12.67968941,19.51834488,4.094165802,4.218260765,,4.094165802,4.218260765
14:34:56,12.730546,19.45226479,4.043284893,4.380919456,,4.043284893,4.380919456
14:34:57,12.76614475,19.38110161,4.119606018,4.197928429,,4.119606018,4.197928429
14:34:58,12.76614475,19.37093544,4.150134563,4.264008522,,4.150134563,4.264008522
14:34:59,12.75088787,19.4166832,4.165399075,4.294507027,,4.165399075,4.294507027
14:35:00,12.70511818,19.42176628,4.165399075,4.330088615,,4.165399075,4.330088615
14:35:01,12.71528912,19.57934189,4.165399075,4.243676186,,4.165399075,4.243676186
14:35:02,12.71528912,19.74708366,4.124694347,4.269091606,,4.124694347,4.269091606
14:35:03,12.730546,19.767416,4.124694347,4.375836372,,4.124694347,4.375836372
14:35:04,12.74580288,19.79283142,4.104341984,4.192845345,,4.104341984,4.192845345
14:35:05,12.71528912,19.77758217,4.139958382,4.340254784,,4.139958382,4.340254784
14:35:06,12.71528912,19.74708366,4.165399075,4.238593102,,4.165399075,4.238593102
14:35:07,12.75597382,19.68608665,4.170486927,4.340254784,,4.170486927,4.340254784
14:35:08,12.80682945,19.5437603,4.139958382,4.238593102,,4.139958382,4.238593102
14:35:09,12.8119154,19.45734787,4.160310745,4.27417469,,4.160310745,4.27417469
14:35:10,12.78648758,19.5132618,4.119606018,4.309756279,,4.119606018,4.309756279
14:35:11,12.79665852,19.57934189,4.256984711,4.325005531,,4.256984711,4.325005531
14:35:12,12.80174351,19.66575432,4.2417202,4.304673195,,4.2417202,4.304673195
14:35:13,12.79157257,19.67592049,4.2417202,4.294507027,,4.2417202,4.294507027
14:35:14,12.78140163,19.63017273,4.292601109,4.258925438,,4.292601109,4.258925438
14:35:15,12.78648758,19.58950806,4.221367836,4.208094597,,4.221367836,4.208094597
14:35:16,12.79157257,19.66575432,4.256984711,4.264008522,,4.256984711,4.264008522
14:35:17,12.77631569,19.67592049,4.323129654,4.24875927,,4.323129654,4.24875927
14:35:18,12.78648758,19.55392647,4.262072563,4.279257774,,4.262072563,4.279257774
14:35:19,12.79157257,19.80299759,4.333305836,4.294507027,,4.333305836,4.294507027
14:35:20,12.87294197,19.81824684,4.353658199,4.345337868,,4.353658199,4.345337868
14:35:21,12.91871262,19.78774834,4.246808529,4.253842354,,4.246808529,4.253842354
14:35:22,12.90345573,19.767416,4.30786562,4.304673195,,4.30786562,4.304673195
14:35:23,12.9339695,19.78774834,4.333305836,4.238593102,,4.333305836,4.238593102
14:35:24,12.94414043,19.98090553,4.429979801,4.330088615,,4.429979801,4.330088615
14:35:25,12.88311291,19.98090553,4.343482018,4.238593102,,4.343482018,4.238593102
14:35:26,12.90345573,19.98598862,4.465596199,4.340254784,,4.465596199,4.340254784
14:35:27,12.89836979,19.98090553,4.521565437,4.243676186,,4.521565437,4.243676186
14:35:28,12.88819885,19.98090553,4.506300926,4.3351717,,4.506300926,4.3351717
14:35:29,12.88819885,19.98598862,4.496124744,4.380919456,,4.496124744,4.380919456
14:35:30,12.76614475,19.70641899,4.465596199,4.258925438,,4.465596199,4.258925438
14:35:31,12.8119154,19.4166832,4.536829472,4.258925438,,4.536829472,4.258925438
14:35:32,12.99499607,19.49292946,4.572446346,4.314839363,,4.572446346,4.314839363
14:35:33,13.07636547,19.68608665,4.496124744,4.36058712,,4.496124744,4.36058712
14:35:34,13.02550983,19.72675133,4.567358017,4.325005531,,4.567358017,4.325005531
14:35:35,13.03568077,19.68608665,4.597886562,4.319922447,,4.597886562,4.319922447
14:35:36,13.04076672,19.62508965,4.653855801,4.325005531,,4.653855801,4.325005531
14:35:37,13.03059578,19.63017273,4.745441437,4.299590111,,4.745441437,4.299590111
14:35:38,13.04076672,19.62508965,4.806498528,4.309756279,,4.806498528,4.309756279
14:35:39,12.97973919,19.63525581,4.816674709,4.3351717,,4.816674709,4.3351717
14:35:40,12.9746542,19.59459114,4.862467289,4.391085625,,4.862467289,4.391085625
14:35:41,13.07636547,19.67592049,4.852291107,4.431750298,,4.852291107,4.431750298
14:35:42,12.99499607,19.74200058,4.954052925,4.27417469,,4.954052925,4.27417469
14:35:43,12.9339695,19.68608665,4.908260345,4.365670204,,4.908260345,4.365670204
14:35:44,12.9339695,19.70641899,4.887907982,4.299590111,,4.887907982,4.299590111
14:35:45,12.94922638,19.69625282,4.959141254,4.370753288,,4.959141254,4.370753288
14:35:46,12.94922638,19.74708366,4.913348198,4.3351717,,4.913348198,4.3351717
14:35:47,12.96448231,19.83857918,4.98458147,4.3351717,,4.98458147,4.3351717
14:35:48,13.0153389,19.98090553,4.837027073,4.426667213,,4.837027073,4.426667213
14:35:49,12.97973919,19.98090553,4.903172016,4.421584129,,4.903172016,4.421584129
14:35:50,12.9746542,19.98090553,4.867555618,4.3351717,,4.867555618,4.3351717
14:35:51,13.01025295,19.98090553,4.92352438,4.3351717,,4.92352438,4.3351717
14:35:52,12.96956825,19.98598862,4.831938744,4.3351717,,4.831938744,4.3351717
14:35:53,12.98482513,19.98090553,4.862467289,4.289423943,,4.862467289,4.289423943
14:35:54,13.01025295,19.98090553,4.898084164,4.340254784,,4.898084164,4.340254784
14:35:55,13.03059578,19.98598862,4.872643471,4.370753288,,4.872643471,4.370753288
14:35:56,13.01025295,19.9910717,4.938788891,4.36058712,,4.938788891,4.36058712
14:35:57,12.99499607,19.98090553,4.933700562,4.355504036,,4.933700562,4.355504036
14:35:58,13.00516701,19.88432693,4.969317436,4.309756279,,4.969317436,4.309756279
14:35:59,13.0560236,19.80299759,5.025286198,4.406334877,,5.025286198,4.406334877
14:36:00,13.03059578,19.98598862,4.98458147,4.391085625,,4.98458147,4.391085625
14:36:01,13.05093765,19.98090553,4.974405289,4.319922447,,4.974405289,4.319922447
14:36:02,13.04076672,19.98598862,5.050726891,4.401251793,,5.050726891,4.401251793
14:36:03,13.0153389,19.98598862,5.040550709,4.3351717,,5.040550709,4.3351717
14:36:04,13.04076672,19.98090553,5.010022163,4.370753288,,5.010022163,4.370753288
14:36:05,13.06619453,19.98090553,5.040550709,4.391085625,,5.040550709,4.391085625
14:36:06,13.10179329,19.98598862,5.086343288,4.370753288,,5.086343288,4.370753288
14:36:07,13.05093765,19.95040703,5.127048016,4.340254784,,5.127048016,4.340254784
14:36:08,13.03059578,19.98598862,5.055814743,4.421584129,,5.055814743,4.421584129
14:36:09,13.00516701,19.98598862,5.137224197,4.375836372,,5.137224197,4.375836372
14:36:10,12.99499607,19.9910717,5.1016078,4.370753288,,5.1016078,4.370753288
14:36:11,12.93905449,19.98090553,5.116871834,4.365670204,,5.116871834,4.365670204
14:36:12,12.93905449,19.94532394,5.076167107,4.325005531,,5.076167107,4.325005531
14:36:13,12.9746542,19.94532394,5.065990925,4.391085625,,5.065990925,4.391085625
14:36:14,12.90345573,19.91482544,5.060903072,4.411417961,,5.060903072,4.411417961
14:36:15,12.98482513,19.94532394,5.060903072,4.3351717,,5.060903072,4.3351717
14:36:16,13.01025295,19.90974236,5.09651947,4.426667213,,5.09651947,4.426667213
14:36:17,13.03568077,19.98090553,5.045638561,4.325005531,,5.045638561,4.325005531
14:36:18,13.04076672,19.98090553,4.959141254,4.375836372,,4.959141254,4.375836372
14:36:19,13.06110859,19.98598862,5.020198345,4.345337868,,5.020198345,4.345337868
14:36:20,13.00516701,19.98090553,5.1016078,4.44699955,,5.1016078,4.44699955
14:36:21,12.99499607,19.98090553,4.98458147,4.426667213,,4.98458147,4.426667213
14:36:22,13.02550983,19.98598862,5.081255436,4.44699955,,5.081255436,4.44699955
14:36:23,12.98482513,19.98090553,5.127048016,4.441916466,,5.127048016,4.441916466
14:36:24,13.0153389,19.98090553,5.015110016,4.396168709,,5.015110016,4.396168709
14:36:25,13.0560236,19.98090553,5.020198345,4.345337868,,5.020198345,4.345337868
14:36:26,13.03059578,19.98090553,5.055814743,4.350420952,,5.055814743,4.350420952
14:36:27,13.05093765,19.98598862,5.025286198,4.421584129,,5.025286198,4.421584129
14:36:28,13.06110859,19.98090553,5.035462379,4.330088615,,5.035462379,4.330088615
14:36:29,13.03059578,19.98598862,5.091431618,4.44699955,,5.091431618,4.44699955
14:36:30,13.00516701,19.98090553,5.198281288,4.340254784,,5.198281288,4.340254784
14:36:31,13.03059578,19.98598862,5.127048016,4.350420952,,5.127048016,4.350420952
14:36:32,13.07636547,19.98598862,5.111783981,4.482581139,,5.111783981,4.482581139
14:36:33,13.10179329,19.98090553,5.121960163,4.416501045,,5.121960163,4.416501045
14:36:34,13.03059578,19.98090553,5.223721981,4.436833382,,5.223721981,4.436833382
14:36:35,13.0153389,19.98090553,5.147400379,4.396168709,,5.147400379,4.396168709
14:36:36,13.0153389,19.98598862,5.218633652,4.416501045,,5.218633652,4.416501045
14:36:37,13.0153389,19.98090553,5.238986015,4.431750298,,5.238986015,4.431750298
14:36:38,13.02550983,19.98090553,5.203369617,4.36058712,,5.203369617,4.36058712
14:36:39,13.00008202,19.98598862,5.167752743,4.370753288,,5.167752743,4.370753288
14:36:40,13.0153389,19.97582245,5.264426708,4.44699955,,5.264426708,4.44699955
14:36:41,13.01025295,19.98090553,5.218633652,4.355504036,,5.218633652,4.355504036
14:36:42,12.94414043,19.93515778,5.177928925,4.411417961,,5.177928925,4.411417961
14:36:43,12.98482513,19.91990852,5.137224197,4.36058712,,5.137224197,4.36058712
14:36:44,13.04585171,19.9605732,5.198281288,4.467331886,,5.198281288,4.467331886
14:36:45,13.0153389,19.98090553,5.16266489,4.416501045,,5.16266489,4.416501045
14:36:46,13.00008202,19.98090553,5.167752743,4.370753288,,5.167752743,4.370753288
14:36:47,12.95431137,19.98598862,5.177928925,4.421584129,,5.177928925,4.421584129
14:36:48,12.96956825,19.98598862,5.228809834,4.365670204,,5.228809834,4.365670204
14:36:49,13.01025295,19.98598862,5.213545799,4.47241497,,5.213545799,4.47241497
14:36:50,13.02042389,19.98090553,5.203369617,4.431750298,,5.203369617,4.431750298
14:36:51,13.03568077,19.98598862,5.121960163,4.431750298,,5.121960163,4.431750298
14:36:52,13.00008202,19.97582245,5.213545799,4.36058712,,5.213545799,4.36058712
14:36:53,12.98482513,19.98598862,5.20845747,4.36058712,,5.20845747,4.36058712
14:36:54,12.98991108,19.97582245,5.172841072,4.436833382,,5.172841072,4.436833382
14:36:55,12.9339695,19.98090553,5.091431618,4.325005531,,5.091431618,4.325005531
14:36:56,12.95431137,19.98090553,5.116871834,4.391085625,,5.116871834,4.391085625
14:36:57,12.95939732,19.97582245,5.203369617,4.406334877,,5.203369617,4.406334877
14:36:58,13.02550983,19.98090553,5.167752743,4.421584129,,5.167752743,4.421584129
14:36:59,13.00516701,19.9910717,5.213545799,4.457165718,,5.213545799,4.457165718
14:37:00,12.99499607,19.98090553,5.09651947,4.452082634,,5.09651947,4.452082634
14:37:01,13.01025295,19.98090553,5.147400379,4.426667213,,5.147400379,4.426667213
14:37:02,12.98482513,19.98090553,5.1016078,4.492747307,,5.1016078,4.492747307
14:37:03,12.98991108,19.98090553,5.121960163,4.3351717,,5.121960163,4.3351717
14:37:04,12.95431137,19.98090553,5.116871834,4.406334877,,5.116871834,4.406334877
14:37:05,12.9339695,19.98598862,5.198281288,4.391085625,,5.198281288,4.391085625
14:37:06,12.87802792,19.9605732,5.09651947,4.411417961,,5.09651947,4.411417961
14:37:07,12.91362667,19.98598862,5.091431618,4.391085625,,5.091431618,4.391085625
14:37:08,12.94922638,19.98090553,5.055814743,4.396168709,,5.055814743,4.396168709
14:37:09,12.8932848,19.98090553,5.050726891,4.391085625,,5.050726891,4.391085625
14:37:10,12.82208633,19.98598862,5.111783981,4.452082634,,5.111783981,4.452082634
14:37:11,12.80174351,19.92499161,5.111783981,4.441916466,,5.111783981,4.441916466
14:37:12,12.80682945,19.82841301,5.035462379,4.391085625,,5.035462379,4.391085625
14:37:13,12.81700039,19.76233292,5.020198345,4.375836372,,5.020198345,4.375836372
14:37:14,12.83225727,19.767416,4.964229107,4.391085625,,4.964229107,4.391085625
14:37:15,12.83734322,19.84366226,4.92352438,4.370753288,,4.92352438,4.370753288
14:37:16,12.82208633,19.81316376,4.903172016,4.365670204,,4.903172016,4.365670204
14:37:17,12.82208633,19.70641899,4.92352438,4.396168709,,4.92352438,4.396168709
14:37:18,12.8119154,19.73183441,4.837027073,4.462248802,,4.837027073,4.462248802
14:37:19,12.8119154,19.6708374,4.760705471,4.355504036,,4.760705471,4.355504036
14:37:20,12.79665852,19.66067123,4.791234016,4.355504036,,4.791234016,4.355504036
14:37:21,12.82208633,19.75724983,4.770881653,4.345337868,,4.770881653,4.345337868
14:37:22,12.79157257,19.86907768,4.750529289,4.345337868,,4.750529289,4.345337868
14:37:23,12.80682945,19.90974236,4.720000744,4.289423943,,4.720000744,4.289423943
14:37:24,12.79157257,19.91990852,4.709824562,4.391085625,,4.709824562,4.391085625
14:37:25,12.81700039,19.96565628,4.826850891,4.355504036,,4.826850891,4.355504036
14:37:26,12.80682945,19.85891151,4.730176926,4.319922447,,4.730176926,4.319922447
14:37:27,12.83734322,19.90465927,4.750529289,4.309756279,,4.750529289,4.309756279
14:37:28,12.8119154,19.89957619,4.725089073,4.345337868,,4.725089073,4.345337868
14:37:29,12.82717228,19.87924385,4.725089073,4.365670204,,4.725089073,4.365670204
14:37:30,12.83225727,19.87924385,4.781057835,4.289423943,,4.781057835,4.289423943
14:37:31,12.83734322,19.83857918,4.689472198,4.345337868,,4.689472198,4.345337868
14:37:32,12.8119154,19.82332993,4.725089073,4.330088615,,4.725089073,4.330088615
14:37:33,12.83225727,19.85382843,4.70473671,4.380919456,,4.70473671,4.380919456
14:37:34,12.8119154,19.84366226,4.735265255,4.391085625,,4.735265255,4.391085625
14:37:35,12.79157257,19.79791451,4.730176926,4.401251793,,4.730176926,4.401251793
14:37:36,12.83225727,19.87416077,4.725089073,4.380919456,,4.725089073,4.380919456
14:37:37,12.84751415,19.89957619,4.831938744,4.426667213,,4.831938744,4.426667213
14:37:38,12.8526001,19.93007469,4.755617619,4.380919456,,4.755617619,4.380919456
14:37:39,12.80682945,19.91482544,4.801410198,4.370753288,,4.801410198,4.370753288
14:37:40,12.84751415,19.98598862,4.714912891,4.355504036,,4.714912891,4.355504036
14:37:41,12.84751415,19.98090553,4.730176926,4.380919456,,4.730176926,4.380919456
14:37:42,12.84751415,19.97582245,4.745441437,4.309756279,,4.745441437,4.309756279
14:37:43,12.86785698,19.98090553,4.750529289,4.401251793,,4.750529289,4.401251793
14:37:44,12.83734322,19.98090553,4.750529289,4.386002541,,4.750529289,4.386002541
14:37:45,12.82208633,19.98598862,4.781057835,4.401251793,,4.781057835,4.401251793
14:37:46,12.82717228,19.98090553,4.786146164,4.421584129,,4.786146164,4.421584129
14:37:47,12.84751415,19.98090553,4.81158638,4.426667213,,4.81158638,4.426667213
14:37:48,12.82717228,19.98090553,4.821762562,4.386002541,,4.821762562,4.386002541
14:37:49,12.78648758,19.97582245,4.760705471,4.370753288,,4.760705471,4.370753288
14:37:50,12.82717228,19.98090553,4.755617619,4.3351717,,4.755617619,4.3351717
14:37:51,12.83734322,19.97582245,4.801410198,4.350420952,,4.801410198,4.350420952
14:37:52,12.87294197,19.98090553,4.720000744,4.386002541,,4.720000744,4.386002541
14:37:53,12.86785698,19.98598862,4.806498528,4.3351717,,4.806498528,4.3351717
14:37:54,12.84242821,19.98598862,4.750529289,4.340254784,,4.750529289,4.340254784
14:37:55,12.84242821,19.9910717,4.81158638,4.380919456,,4.81158638,4.380919456
14:37:56,12.88819885,19.98090553,4.750529289,4.386002541,,4.750529289,4.386002541
14:37:57,12.86785698,19.98598862,4.750529289,4.36058712,,4.750529289,4.36058712
14:37:58,12.82208633,19.97073936,4.730176926,4.294507027,,4.730176926,4.294507027
14:37:59,12.81700039,19.98090553,4.770881653,4.416501045,,4.770881653,4.416501045
14:38:00,12.84751415,19.98090553,4.7657938,4.355504036,,4.7657938,4.355504036
14:38:01,12.85768509,19.98090553,4.842114925,4.375836372,,4.842114925,4.375836372
14:38:02,12.87294197,19.97582245,4.760705471,4.325005531,,4.760705471,4.325005531
14:38:03,12.8526001,19.98598862,4.796322346,4.345337868,,4.796322346,4.345337868
14:38:04,12.84242821,19.98090553,4.7657938,4.426667213,,4.7657938,4.426667213
14:38:05,12.8526001,19.98090553,4.791234016,4.340254784,,4.791234016,4.340254784
14:38:06,12.87294197,19.98598862,4.831938744,4.340254784,,4.831938744,4.340254784
14:38:07,12.83734322,19.97582245,4.781057835,4.370753288,,4.781057835,4.370753288
14:38:08,12.84242821,19.98090553,4.781057835,4.365670204,,4.781057835,4.365670204
14:38:09,12.80174351,19.98090553,4.887907982,4.421584129,,4.887907982,4.421584129
14:38:10,12.80682945,19.98598862,4.796322346,4.370753288,,4.796322346,4.370753288
14:38:11,12.79665852,19.98598862,4.887907982,4.330088615,,4.887907982,4.330088615
14:38:12,12.80174351,19.97073936,4.775969982,4.386002541,,4.775969982,4.386002541
14:38:13,12.79157257,19.93007469,4.709824562,4.391085625,,4.709824562,4.391085625
14:38:14,12.78648758,19.98090553,4.816674709,4.350420952,,4.816674709,4.350420952
14:38:15,12.80174351,19.98090553,4.69964838,4.304673195,,4.69964838,4.304673195
14:38:16,12.80174351,19.98598862,4.7657938,4.294507027,,4.7657938,4.294507027
14:38:17,12.80174351,19.82332993,4.760705471,4.401251793,,4.760705471,4.401251793
14:38:18,12.80682945,19.90465927,4.648767471,4.325005531,,4.648767471,4.325005531
14:38:19,12.79665852,19.98090553,4.694560528,4.36058712,,4.694560528,4.36058712
14:38:20,12.80174351,19.98598862,4.745441437,4.355504036,,4.745441437,4.355504036
14:38:21,12.80174351,19.98090553,4.714912891,4.365670204,,4.714912891,4.365670204
14:38:22,12.79665852,19.91990852,4.720000744,4.279257774,,4.720000744,4.279257774
14:38:23,12.78648758,19.92499161,4.725089073,4.431750298,,4.725089073,4.431750298
14:38:24,12.7712307,19.98090553,4.653855801,4.375836372,,4.653855801,4.375836372
14:38:25,12.7712307,19.98598862,4.618238926,4.284340858,,4.618238926,4.284340858
14:38:26,12.74580288,19.98090553,4.69964838,4.3351717,,4.69964838,4.3351717
14:38:27,12.75088787,19.98090553,4.608062744,4.304673195,,4.608062744,4.304673195
14:38:28,12.7712307,19.98598862,4.572446346,4.279257774,,4.572446346,4.279257774
14:38:29,12.76105881,19.98090553,4.608062744,4.391085625,,4.608062744,4.391085625
14:38:30,12.7712307,19.98090553,4.613151073,4.365670204,,4.613151073,4.365670204
14:38:31,12.76614475,19.98598862,4.536829472,4.289423943,,4.536829472,4.289423943
14:38:32,12.74580288,19.98090553,4.557181835,4.36058712,,4.557181835,4.36058712
14:38:33,12.72546005,19.98090553,4.501213074,4.365670204,,4.501213074,4.365670204
14:38:34,12.74580288,19.98090553,4.541917801,4.370753288,,4.541917801,4.370753288
14:38:35,12.73563099,19.9910717,4.516477108,4.330088615,,4.516477108,4.330088615
14:38:36,12.71020317,19.98090553,4.511389256,4.314839363,,4.511389256,4.314839363
14:38:37,12.71020317,19.98090553,4.547005653,4.299590111,,4.547005653,4.299590111
14:38:38,12.69494629,19.96565628,4.562270164,4.330088615,,4.562270164,4.330088615
14:38:39,12.68477535,19.94024086,4.506300926,4.36058712,,4.506300926,4.36058712
14:38:40,12.6898613,19.88941002,4.491036892,4.391085625,,4.491036892,4.391085625
14:38:41,12.68477535,19.98090553,4.470684528,4.309756279,,4.470684528,4.309756279
14:38:42,12.68477535,19.98090553,4.48086071,4.314839363,,4.48086071,4.314839363
14:38:43,12.70511818,19.98598862,4.404539108,4.365670204,,4.404539108,4.365670204
14:38:44,12.67460442,19.98090553,4.435067654,4.386002541,,4.435067654,4.386002541
14:38:45,12.65934753,19.98598862,4.419803619,4.264008522,,4.419803619,4.264008522
14:38:46,12.66951847,19.97073936,4.363834381,4.284340858,,4.363834381,4.284340858
14:38:47,12.67460442,19.97582245,4.379098892,4.294507027,,4.379098892,4.294507027
14:38:48,12.67460442,19.9910717,4.419803619,4.370753288,,4.419803619,4.370753288
14:38:49,12.66443348,19.98090553,4.343482018,4.340254784,,4.343482018,4.340254784
14:38:50,12.66443348,19.98090553,4.267160892,4.269091606,,4.267160892,4.269091606
14:38:51,12.65426159,19.98090553,4.318041801,4.238593102,,4.318041801,4.238593102
14:38:52,12.65426159,19.98598862,4.343482018,4.375836372,,4.343482018,4.375836372
14:38:53,12.64409065,19.98598862,4.236632347,4.258925438,,4.236632347,4.258925438
14:38:54,12.62883377,19.98090553,4.262072563,4.319922447,,4.262072563,4.319922447
14:38:55,12.63391972,19.87924385,4.236632347,4.304673195,,4.236632347,4.304673195
14:38:56,12.63900471,19.86907768,4.318041801,4.289423943,,4.318041801,4.289423943
14:38:57,12.63900471,19.85891151,4.318041801,4.3351717,,4.318041801,4.3351717
14:38:58,12.63391972,19.90465927,4.190839291,4.304673195,,4.190839291,4.304673195
14:38:59,12.62883377,19.98090553,4.185751438,4.304673195,,4.185751438,4.304673195
14:39:00,12.63391972,19.88432693,4.165399075,4.294507027,,4.165399075,4.294507027
14:39:01,12.64409065,19.56917572,4.150134563,4.233510017,,4.150134563,4.233510017
14:39:02,12.6491766,19.28960609,4.170486927,4.330088615,,4.170486927,4.330088615
14:39:03,12.65426159,19.22860909,4.2417202,4.3351717,,4.2417202,4.3351717
14:39:04,12.65934753,19.23877525,4.256984711,4.253842354,,4.256984711,4.253842354
14:39:05,12.6491766,19.37093544,4.155222893,4.309756279,,4.155222893,4.309756279
14:39:06,12.63391972,19.44209862,4.190839291,4.279257774,,4.190839291,4.279257774
14:39:07,12.63900471,19.58950806,4.155222893,4.350420952,,4.155222893,4.350420952
14:39:08,12.64409065,19.70133591,4.160310745,4.350420952,,4.160310745,4.350420952
14:39:09,12.64409065,19.65050507,4.236632347,4.27417469,,4.236632347,4.27417469
14:39:10,12.63900471,19.66067123,4.094165802,4.228426933,,4.094165802,4.228426933
14:39:11,12.62374878,19.62508965,4.272248745,4.243676186,,4.272248745,4.243676186
14:39:12,12.63900471,19.62508965,4.221367836,4.299590111,,4.221367836,4.299590111
14:39:13,12.64409065,19.767416,4.094165802,4.238593102,,4.094165802,4.238593102
14:39:14,12.64409065,19.78774834,4.089077473,4.223343849,,4.089077473,4.223343849
14:39:15,12.63900471,19.70133591,4.114518166,4.309756279,,4.114518166,4.309756279
14:39:16,12.63900471,19.67592049,4.134870529,4.36058712,,4.134870529,4.36058712
14:39:17,12.6491766,19.5742588,4.139958382,4.24875927,,4.139958382,4.24875927
14:39:18,12.65426159,19.71150208,4.109429836,4.304673195,,4.109429836,4.304673195
14:39:19,12.63391972,19.85891151,4.206103802,4.258925438,,4.206103802,4.258925438
14:39:20,12.64409065,19.78774834,4.114518166,4.269091606,,4.114518166,4.269091606
14:39:21,12.62883377,19.58442497,4.139958382,4.355504036,,4.139958382,4.355504036
14:39:22,12.62883377,19.64542198,4.211191654,4.304673195,,4.211191654,4.304673195
14:39:23,12.6491766,19.83349609,4.139958382,4.319922447,,4.139958382,4.319922447
14:39:24,12.63391972,19.8944931,4.145046711,4.3351717,,4.145046711,4.3351717
14:39:25,12.63391972,19.98090553,4.216279984,4.355504036,,4.216279984,4.355504036
14:39:26,12.63391972,19.98090553,4.114518166,4.304673195,,4.114518166,4.304673195
14:39:27,12.63391972,19.98598862,4.094165802,4.289423943,,4.094165802,4.289423943
14:39:28,12.62374878,19.98598862,4.089077473,4.238593102,,4.089077473,4.238593102
14:39:29,12.62374878,19.98090553,4.175575256,4.330088615,,4.175575256,4.330088615
14:39:30,12.62883377,19.98598862,4.180663109,4.294507027,,4.180663109,4.294507027
14:39:31,12.64409065,19.9910717,4.145046711,4.258925438,,4.145046711,4.258925438
14:39:32,12.63391972,19.98598862,4.155222893,4.330088615,,4.155222893,4.330088615
14:39:33,12.62374878,19.98090553,4.180663109,4.314839363,,4.180663109,4.314839363
14:39:34,12.63391972,19.98598862,4.165399075,4.238593102,,4.165399075,4.238593102
14:39:35,12.64409065,19.98090553,4.175575256,4.289423943,,4.175575256,4.289423943
14:39:36,12.63900471,19.98090553,4.155222893,4.330088615,,4.155222893,4.330088615
14:39:37,12.64409065,19.98598862,4.08398962,4.304673195,,4.08398962,4.304673195
14:39:38,12.6491766,19.88432693,4.180663109,4.223343849,,4.180663109,4.223343849
14:39:39,12.65934753,19.96565628,4.134870529,4.243676186,,4.134870529,4.243676186
14:39:40,12.65426159,19.91482544,4.08398962,4.314839363,,4.08398962,4.314839363
14:39:41,12.65426159,19.98090553,4.165399075,4.289423943,,4.165399075,4.289423943
14:39:42,12.6491766,19.98598862,4.068725109,4.294507027,,4.068725109,4.294507027
14:39:43,12.66443348,19.98598862,4.211191654,4.279257774,,4.211191654,4.279257774
14:39:44,12.6491766,19.98598862,4.094165802,4.330088615,,4.094165802,4.330088615
14:39:45,12.63900471,19.94532394,4.150134563,4.258925438,,4.150134563,4.258925438
14:39:46,12.65934753,19.98598862,4.139958382,4.238593102,,4.139958382,4.238593102
14:39:47,12.65934753,19.97582245,4.104341984,4.284340858,,4.104341984,4.284340858
14:39:48,12.66443348,19.87416077,4.180663109,4.279257774,,4.180663109,4.279257774
14:39:49,12.67460442,19.91990852,4.180663109,4.27417469,,4.180663109,4.27417469
14:39:50,12.65934753,19.93007469,4.109429836,4.223343849,,4.109429836,4.223343849
14:39:51,12.67460442,19.90974236,4.1297822,4.309756279,,4.1297822,4.309756279
14:39:52,12.67968941,19.90974236,4.134870529,4.36058712,,4.134870529,4.36058712
14:39:53,12.67460442,19.85382843,4.160310745,4.289423943,,4.160310745,4.289423943
14:39:54,12.67460442,19.98090553,4.104341984,4.330088615,,4.104341984,4.330088615
14:39:55,12.66951847,19.98090553,4.206103802,4.27417469,,4.206103802,4.27417469
14:39:56,12.66443348,19.98090553,4.2417202,4.289423943,,4.2417202,4.289423943
14:39:57,12.66951847,19.98090553,4.170486927,4.319922447,,4.170486927,4.319922447
14:39:58,12.65934753,19.98090553,4.1297822,4.279257774,,4.1297822,4.279257774
14:39:59,12.66443348,19.98090553,4.2417202,4.24875927,,4.2417202,4.24875927
14:40:00,12.66443348,19.98090553,4.185751438,4.269091606,,4.185751438,4.269091606
14:40:01,12.66443348,19.97073936,4.201015472,4.27417469,,4.201015472,4.27417469
14:40:02,12.66951847,19.81316376,4.211191654,4.27417469,,4.211191654,4.27417469
14:40:03,12.66443348,19.767416,4.221367836,4.304673195,,4.221367836,4.304673195
14:40:04,12.65934753,19.82332993,4.139958382,4.330088615,,4.139958382,4.330088615
14:40:05,12.65934753,19.79791451,4.277337074,4.294507027,,4.277337074,4.294507027
14:40:06,12.66951847,19.75216675,4.226456165,4.319922447,,4.226456165,4.319922447
14:40:07,12.67460442,19.66575432,4.139958382,4.253842354,,4.139958382,4.253842354
14:40:08,12.67968941,19.70641899,4.119606018,4.24875927,,4.119606018,4.24875927
14:40:09,12.67460442,19.69625282,4.1297822,4.350420952,,4.1297822,4.350420952
14:40:10,12.68477535,19.68608665,4.139958382,4.253842354,,4.139958382,4.253842354
14:40:11,12.6898613,19.69625282,4.216279984,4.294507027,,4.216279984,4.294507027
14:40:12,12.68477535,19.70133591,4.246808529,4.330088615,,4.246808529,4.330088615
14:40:13,12.6898613,19.80808067,4.160310745,4.299590111,,4.160310745,4.299590111
14:40:14,12.67968941,19.67592049,4.124694347,4.375836372,,4.124694347,4.375836372
14:40:15,12.6898613,19.767416,4.206103802,4.309756279,,4.206103802,4.309756279
14:40:16,12.67968941,19.80808067,4.246808529,4.264008522,,4.246808529,4.264008522
14:40:17,12.67460442,19.79791451,4.1297822,4.299590111,,4.1297822,4.299590111
14:40:18,12.66443348,19.81316376,4.221367836,4.309756279,,4.221367836,4.309756279
14:40:19,12.66443348,19.98598862,4.175575256,4.269091606,,4.175575256,4.269091606
14:40:20,12.66951847,19.98598862,4.155222893,4.243676186,,4.155222893,4.243676186
14:40:21,12.66951847,19.98598862,4.134870529,4.258925438,,4.134870529,4.258925438
14:40:22,12.65934753,19.98598862,4.134870529,4.27417469,,4.134870529,4.27417469
14:40:23,12.65934753,19.98598862,4.165399075,4.304673195,,4.165399075,4.304673195
14:40:24,12.63391972,19.98598862,4.180663109,4.350420952,,4.180663109,4.350420952
14:40:25,12.63900471,19.98090553,4.150134563,4.431750298,,4.150134563,4.431750298
14:40:26,12.65934753,19.98598862,4.104341984,4.279257774,,4.104341984,4.279257774
14:40:27,12.6491766,19.98598862,4.134870529,4.289423943,,4.134870529,4.289423943
14:40:28,12.6491766,19.93007469,4.104341984,4.24875927,,4.104341984,4.24875927
14:40:29,12.63391972,19.8639946,4.145046711,4.314839363,,4.145046711,4.314839363
14:40:30,12.65426159,19.90465927,4.175575256,4.36058712,,4.175575256,4.36058712
14:40:31,12.63900471,19.98090553,4.175575256,4.289423943,,4.175575256,4.289423943
14:40:32,12.64409065,19.98598862,4.119606018,4.370753288,,4.119606018,4.370753288
14:40:33,12.6491766,19.98598862,4.175575256,4.264008522,,4.175575256,4.264008522
14:40:34,12.63900471,19.98598862,4.114518166,4.325005531,,4.114518166,4.325005531
14:40:35,12.63900471,19.98598862,4.185751438,4.304673195,,4.185751438,4.304673195
14:40:36,12.64409065,19.98090553,4.134870529,4.269091606,,4.134870529,4.269091606
14:40:37,12.63900471,19.98598862,4.099253654,4.365670204,,4.099253654,4.365670204
14:40:38,12.6491766,19.98598862,4.150134563,4.309756279,,4.150134563,4.309756279
14:40:39,12.63900471,19.98598862,4.185751438,4.284340858,,4.185751438,4.284340858
14:40:40,12.62374878,19.9910717,4.099253654,4.345337868,,4.099253654,4.345337868
14:40:41,12.64409065,19.98090553,4.114518166,4.319922447,,4.114518166,4.319922447
14:40:42,12.63900471,19.98598862,4.139958382,4.258925438,,4.139958382,4.258925438
14:40:43,12.6491766,19.91482544,4.150134563,4.350420952,,4.150134563,4.350420952
14:40:44,12.64409065,19.98598862,4.139958382,4.27417469,,4.139958382,4.27417469
14:40:45,12.63391972,19.98090553,4.155222893,4.264008522,,4.155222893,4.264008522
14:40:46,12.63900471,19.98598862,4.119606018,4.294507027,,4.119606018,4.294507027
14:40:47,12.63900471,19.98598862,4.099253654,4.325005531,,4.099253654,4.325005531
14:40:48,12.64409065,19.98090553,4.08398962,4.27417469,,4.08398962,4.27417469
14:40:49,12.62883377,19.98598862,4.190839291,4.243676186,,4.190839291,4.243676186
14:40:50,12.63391972,19.98598862,4.206103802,4.284340858,,4.206103802,4.284340858
14:40:51,12.63391972,19.98598862,4.119606018,4.27417469,,4.119606018,4.27417469
14:40:52,12.64409065,19.98090553,4.068725109,4.24875927,,4.068725109,4.24875927
14:40:53,12.62374878,19.98090553,4.160310745,4.253842354,,4.160310745,4.253842354
14:40:54,12.62883377,19.98598862,4.073813438,4.24875927,,4.073813438,4.24875927
14:40:55,12.63391972,19.97582245,4.089077473,4.299590111,,4.089077473,4.299590111
14:40:56,12.63391972,19.87416077,4.08398962,4.325005531,,4.08398962,4.325005531
14:40:57,12.64409065,19.98090553,4.114518166,4.294507027,,4.114518166,4.294507027
14:40:58,12.65426159,19.98598862,4.160310745,4.345337868,,4.160310745,4.345337868
14:40:59,12.6491766,19.98598862,4.180663109,4.258925438,,4.180663109,4.258925438
14:41:00,12.62374878,19.98090553,4.160310745,4.401251793,,4.160310745,4.401251793
14:41:01,12.61866283,19.98090553,4.165399075,4.375836372,,4.165399075,4.375836372
14:41:02,12.63391972,19.98090553,4.150134563,4.304673195,,4.150134563,4.304673195
14:41:03,12.62883377,19.98598862,4.08398962,4.264008522,,4.08398962,4.264008522
14:41:04,12.63391972,19.98598862,4.104341984,4.238593102,,4.104341984,4.238593102
14:41:05,12.64409065,19.98090553,4.094165802,4.243676186,,4.094165802,4.243676186
14:41:06,12.62883377,19.97582245,4.170486927,4.269091606,,4.170486927,4.269091606
14:41:07,12.63900471,19.98090553,4.073813438,4.294507027,,4.073813438,4.294507027
14:41:08,12.62374878,19.98090553,4.124694347,4.345337868,,4.124694347,4.345337868
14:41:09,12.64409065,19.98598862,4.139958382,4.269091606,,4.139958382,4.269091606
14:41:10,12.64409065,19.98090553,4.063637257,4.340254784,,4.063637257,4.340254784
14:41:11,12.65426159,19.98598862,4.1297822,4.299590111,,4.1297822,4.299590111
14:41:12,12.65426159,19.98090553,4.114518166,4.289423943,,4.114518166,4.289423943
14:41:13,12.6491766,19.98598862,4.053461075,4.258925438,,4.053461075,4.258925438
14:41:14,12.65426159,19.98090553,4.038196564,4.27417469,,4.038196564,4.27417469
14:41:15,12.64409065,19.98090553,4.08398962,4.294507027,,4.08398962,4.294507027
14:41:16,12.64409065,19.98598862,4.139958382,4.243676186,,4.139958382,4.243676186
14:41:17,12.6491766,19.98598862,4.221367836,4.233510017,,4.221367836,4.233510017
14:41:18,12.63391972,19.98598862,4.068725109,4.223343849,,4.068725109,4.223343849
14:41:19,12.65426159,19.98090553,4.124694347,4.309756279,,4.124694347,4.309756279
14:41:20,12.64409065,19.98090553,4.165399075,4.27417469,,4.165399075,4.27417469
14:41:21,12.65426159,19.98090553,4.160310745,4.330088615,,4.160310745,4.330088615
14:41:22,12.6491766,19.98598862,4.119606018,4.233510017,,4.119606018,4.233510017
14:41:23,12.6491766,19.98598862,4.175575256,4.406334877,,4.175575256,4.406334877
14:41:24,12.63900471,19.98598862,4.053461075,4.319922447,,4.053461075,4.319922447
14:41:25,12.6491766,19.98090553,4.094165802,4.258925438,,4.094165802,4.258925438
14:41:26,12.63900471,19.98090553,4.1297822,4.258925438,,4.1297822,4.258925438
14:41:27,12.65426159,19.98090553,4.180663109,4.243676186,,4.180663109,4.243676186
14:41:28,12.64409065,19.98090553,4.134870529,4.27417469,,4.134870529,4.27417469
14:41:29,12.6491766,19.98090553,4.073813438,4.294507027,,4.073813438,4.294507027
14:41:30,12.63900471,19.98598862,4.068725109,4.325005531,,4.068725109,4.325005531
14:41:31,12.6491766,19.98090553,4.1297822,4.386002541,,4.1297822,4.386002541
14:41:32,12.6491766,19.9910717,4.155222893,4.253842354,,4.155222893,4.253842354
14:41:33,12.64409065,19.98598862,4.134870529,4.355504036,,4.134870529,4.355504036
14:41:34,12.63900471,19.97582245,4.109429836,4.309756279,,4.109429836,4.309756279
14:41:35,12.63900471,19.98598862,4.124694347,4.24875927,,4.124694347,4.24875927
14:41:36,12.65934753,19.98598862,4.175575256,4.304673195,,4.175575256,4.304673195
14:41:37,12.63900471,19.98598862,4.043284893,4.289423943,,4.043284893,4.289423943
14:41:38,12.65426159,19.98598862,4.119606018,4.294507027,,4.119606018,4.294507027
14:41:39,12.63391972,19.98598862,4.150134563,4.258925438,,4.150134563,4.258925438
14:41:40,12.64409065,19.98090553,4.124694347,4.264008522,,4.124694347,4.264008522
14:41:41,12.64409065,19.98090553,4.063637257,4.243676186,,4.063637257,4.243676186
14:41:42,12.64409065,19.97582245,4.048372746,4.314839363,,4.048372746,4.314839363
14:41:43,12.65426159,19.98598862,4.048372746,4.24875927,,4.048372746,4.24875927
14:41:44,12.64409065,19.97582245,4.073813438,4.238593102,,4.073813438,4.238593102
14:41:45,12.6491766,19.98090553,4.1297822,4.253842354,,4.1297822,4.253842354
14:41:46,12.63900471,19.98598862,4.124694347,4.258925438,,4.124694347,4.258925438
14:41:47,12.63900471,19.98598862,4.078901291,4.304673195,,4.078901291,4.304673195
14:41:48,12.63900471,19.98090553,4.180663109,4.340254784,,4.180663109,4.340254784
14:41:49,12.62883377,19.98598862,4.073813438,4.294507027,,4.073813438,4.294507027
14:41:50,12.64409065,19.98598862,4.170486927,4.24875927,,4.170486927,4.24875927
14:41:51,12.65426159,19.98598862,4.063637257,4.27417469,,4.063637257,4.27417469
14:41:52,12.64409065,19.98090553,4.134870529,4.284340858,,4.134870529,4.284340858
14:41:53,12.63391972,19.98090553,4.1297822,4.269091606,,4.1297822,4.269091606
14:41:54,12.62374878,19.98090553,4.053461075,4.258925438,,4.053461075,4.258925438
14:41:55,12.63900471,19.98090553,4.119606018,4.309756279,,4.119606018,4.309756279
14:41:56,12.63391972,19.98090553,4.221367836,4.330088615,,4.221367836,4.330088615
14:41:57,12.62883377,19.98598862,4.089077473,4.243676186,,4.089077473,4.243676186
14:41:58,12.62883377,19.98090553,4.206103802,4.375836372,,4.206103802,4.375836372
14:41:59,12.63391972,19.98598862,4.078901291,4.253842354,,4.078901291,4.253842354
14:42:00,12.63900471,19.98090553,4.053461075,4.319922447,,4.053461075,4.319922447
14:42:01,12.62883377,19.98090553,4.150134563,4.370753288,,4.150134563,4.370753288
14:42:02,12.62883377,19.98090553,4.124694347,4.314839363,,4.124694347,4.314839363
14:42:03,12.63391972,19.98598862,4.022932529,4.304673195,,4.022932529,4.304673195
14:42:04,12.62883377,19.98090553,4.099253654,4.314839363,,4.099253654,4.314839363
14:42:05,12.6491766,19.9910717,4.022932529,4.314839363,,4.022932529,4.314839363
14:42:06,12.63900471,19.98598862,4.185751438,4.330088615,,4.185751438,4.330088615
14:42:07,12.61866283,19.98090553,4.099253654,4.299590111,,4.099253654,4.299590111
14:42:08,12.62883377,19.98090553,4.068725109,4.299590111,,4.068725109,4.299590111
14:42:09,12.62883377,19.9910717,4.155222893,4.411417961,,4.155222893,4.411417961
14:42:10,12.64409065,19.98598862,4.068725109,4.264008522,,4.068725109,4.264008522
14:42:11,12.63391972,19.98598862,4.073813438,4.309756279,,4.073813438,4.309756279
14:42:12,12.62883377,19.98090553,4.08398962,4.340254784,,4.08398962,4.340254784
14:42:13,12.63391972,19.98598862,4.08398962,4.365670204,,4.08398962,4.365670204
14:42:14,12.62883377,19.98090553,4.058548927,4.253842354,,4.058548927,4.253842354
14:42:15,12.62883377,19.98090553,4.073813438,4.269091606,,4.073813438,4.269091606
14:42:16,12.63391972,19.98090553,4.038196564,4.253842354,,4.038196564,4.253842354
14:42:17,12.63900471,19.98598862,4.155222893,4.289423943,,4.155222893,4.289423943
14:42:18,12.64409065,19.98598862,4.160310745,4.309756279,,4.160310745,4.309756279
14:42:19,12.63391972,19.98598862,4.139958382,4.36058712,,4.139958382,4.36058712
14:42:20,12.62883377,19.98090553,4.104341984,4.299590111,,4.104341984,4.299590111
14:42:21,12.63900471,19.98090553,4.022932529,4.238593102,,4.022932529,4.238593102
14:42:22,12.64409065,19.98598862,4.150134563,4.330088615,,4.150134563,4.330088615
14:42:23,12.62883377,19.98090553,4.022932529,4.238593102,,4.022932529,4.238593102
14:42:24,12.62883377,19.98598862,4.053461075,4.330088615,,4.053461075,4.330088615
14:42:25,12.6491766,19.98090553,4.170486927,4.3351717,,4.170486927,4.3351717
14:42:26,12.62883377,19.98090553,4.033108711,4.238593102,,4.033108711,4.238593102
14:42:27,12.61866283,19.98598862,4.038196564,4.380919456,,4.038196564,4.380919456
14:42:28,12.63391972,19.98598862,4.099253654,4.355504036,,4.099253654,4.355504036
14:42:29,12.62374878,19.98090553,4.078901291,4.218260765,,4.078901291,4.218260765
14:42:30,12.62883377,19.9910717,4.155222893,4.238593102,,4.155222893,4.238593102
14:42:31,12.63391972,19.98598862,4.033108711,4.253842354,,4.033108711,4.253842354
14:42:32,12.62883377,19.98090553,4.043284893,4.27417469,,4.043284893,4.27417469
14:42:33,12.63391972,19.98090553,4.063637257,4.350420952,,4.063637257,4.350420952
14:42:34,12.61866283,19.98598862,4.2417202,4.330088615,,4.2417202,4.330088615
14:42:35,12.62374878,19.9910717,4.104341984,4.269091606,,4.104341984,4.269091606
14:42:36,12.62374878,19.9910717,4.094165802,4.24875927,,4.094165802,4.24875927
14:42:37,12.63391972,19.98598862,4.0178442,4.319922447,,4.0178442,4.319922447
14:42:38,12.63900471,19.98598862,4.0178442,4.264008522,,4.0178442,4.264008522
14:42:39,12.63391972,19.98090553,4.058548927,4.36058712,,4.058548927,4.36058712
14:42:40,12.61866283,19.98090553,4.063637257,4.243676186,,4.063637257,4.243676186
14:42:41,12.63391972,19.98598862,4.114518166,4.253842354,,4.114518166,4.253842354
14:42:42,12.62883377,19.98090553,4.134870529,4.314839363,,4.134870529,4.314839363
14:42:43,12.62374878,19.98090553,4.073813438,4.294507027,,4.073813438,4.294507027
14:42:44,12.63391972,19.98598862,4.028020382,4.24875927,,4.028020382,4.24875927
14:42:45,12.62374878,19.98090553,4.124694347,4.304673195,,4.124694347,4.304673195
14:42:46,12.63900471,19.98090553,4.104341984,4.345337868,,4.104341984,4.345337868
14:42:47,12.63900471,19.98598862,4.089077473,4.386002541,,4.089077473,4.386002541
14:42:48,12.63391972,19.98090553,4.094165802,4.304673195,,4.094165802,4.304673195
14:42:49,12.65426159,19.98598862,4.094165802,4.330088615,,4.094165802,4.330088615
14:42:50,12.63391972,19.98598862,4.063637257,4.264008522,,4.063637257,4.264008522
14:42:51,12.63391972,19.9605732,4.089077473,4.406334877,,4.089077473,4.406334877
14:42:52,12.63391972,19.98598862,4.063637257,4.3351717,,4.063637257,4.3351717
14:42:53,12.63900471,19.98090553,4.124694347,4.24875927,,4.124694347,4.24875927
14:42:54,12.64409065,19.81824684,4.099253654,4.289423943,,4.099253654,4.289423943
14:42:55,12.65934753,19.82332993,4.068725109,4.264008522,,4.068725109,4.264008522
14:42:56,12.64409065,19.8944931,4.022932529,4.24875927,,4.022932529,4.24875927
14:42:57,12.6491766,19.68100357,4.043284893,4.269091606,,4.043284893,4.269091606
14:42:58,12.62883377,19.69625282,4.048372746,4.325005531,,4.048372746,4.325005531
14:42:59,12.63900471,19.80808067,4.078901291,4.258925438,,4.078901291,4.258925438
14:43:00,12.6491766,19.82841301,4.139958382,4.253842354,,4.139958382,4.253842354
14:43:01,12.63900471,19.75216675,4.134870529,4.330088615,,4.134870529,4.330088615
14:43:02,12.6491766,19.79791451,4.063637257,4.258925438,,4.063637257,4.258925438
14:43:03,12.62883377,19.87924385,4.053461075,4.319922447,,4.053461075,4.319922447
14:43:04,12.66443348,19.85382843,4.109429836,4.243676186,,4.109429836,4.243676186
14:43:05,12.63900471,19.80808067,4.165399075,4.380919456,,4.165399075,4.380919456
14:43:06,12.63900471,19.87924385,4.043284893,4.299590111,,4.043284893,4.299590111
14:43:07,12.64409065,19.96565628,4.08398962,4.218260765,,4.08398962,4.218260765
14:43:08,12.63900471,19.95549011,4.139958382,4.294507027,,4.139958382,4.294507027
14:43:09,12.63391972,19.94024086,4.073813438,4.299590111,,4.073813438,4.299590111
14:43:10,12.62883377,19.97582245,4.089077473,4.340254784,,4.089077473,4.340254784
14:43:11,12.64409065,19.98598862,4.114518166,4.284340858,,4.114518166,4.284340858
14:43:12,12.63391972,19.98598862,4.033108711,4.284340858,,4.033108711,4.284340858
14:43:13,12.62883377,19.98090553,4.165399075,4.284340858,,4.165399075,4.284340858
14:43:14,12.63391972,19.97073936,4.124694347,4.24875927,,4.124694347,4.24875927
14:43:15,12.64409065,19.89957619,4.022932529,4.253842354,,4.022932529,4.253842354
14:43:16,12.62883377,19.85891151,4.094165802,4.345337868,,4.094165802,4.345337868
14:43:17,12.64409065,19.90974236,4.150134563,4.411417961,,4.150134563,4.411417961
14:43:18,12.63900471,19.98598862,4.119606018,4.243676186,,4.119606018,4.243676186
14:43:19,12.63900471,19.98598862,4.1297822,4.304673195,,4.1297822,4.304673195
14:43:20,12.64409065,19.98090553,4.1297822,4.27417469,,4.1297822,4.27417469
14:43:21,12.63391972,19.98090553,4.139958382,4.228426933,,4.139958382,4.228426933
14:43:22,12.63900471,19.98090553,4.114518166,4.355504036,,4.114518166,4.355504036
14:43:23,12.62374878,19.97582245,4.053461075,4.294507027,,4.053461075,4.294507027
14:43:24,12.64409065,19.98598862,4.028020382,4.314839363,,4.028020382,4.314839363
14:43:25,12.63900471,19.98598862,4.043284893,4.213177681,,4.043284893,4.213177681
14:43:26,12.62883377,19.98090553,4.048372746,4.27417469,,4.048372746,4.27417469
14:43:27,12.63900471,19.98598862,4.0178442,4.258925438,,4.0178442,4.258925438
14:43:28,12.63900471,19.98090553,4.043284893,4.319922447,,4.043284893,4.319922447
14:43:29,12.63391972,19.98090553,4.089077473,4.401251793,,4.089077473,4.401251793
14:43:30,12.64409065,19.98090553,4.114518166,4.304673195,,4.114518166,4.304673195
14:43:31,12.6491766,19.98090553,4.1297822,4.238593102,,4.1297822,4.238593102
14:43:32,12.63391972,19.97582245,4.165399075,4.264008522,,4.165399075,4.264008522
14:43:33,12.63391972,19.98598862,4.043284893,4.253842354,,4.043284893,4.253842354
14:43:34,12.61866283,19.97582245,4.078901291,4.269091606,,4.078901291,4.269091606
14:43:35,12.64409065,19.98090553,4.201015472,4.375836372,,4.201015472,4.375836372
14:43:36,12.65934753,19.9910717,4.073813438,4.264008522,,4.073813438,4.264008522
14:43:37,12.6491766,19.98598862,4.089077473,4.258925438,,4.089077473,4.258925438
14:43:38,12.66443348,19.98598862,4.114518166,4.284340858,,4.114518166,4.284340858
14:43:39,12.67460442,19.98090553,4.073813438,4.309756279,,4.073813438,4.309756279
14:43:40,12.65426159,19.98090553,4.145046711,4.304673195,,4.145046711,4.304673195
14:43:41,12.65934753,19.98090553,4.099253654,4.330088615,,4.099253654,4.330088615
14:43:42,12.66443348,19.98598862,4.114518166,4.319922447,,4.114518166,4.319922447
14:43:43,12.66951847,19.98090553,4.262072563,4.294507027,,4.262072563,4.294507027
14:43:44,12.67968941,19.98090553,4.185751438,4.228426933,,4.185751438,4.228426933
14:43:45,12.67460442,19.98598862,4.170486927,4.314839363,,4.170486927,4.314839363
14:43:46,12.6898613,19.98598862,4.1297822,4.380919456,,4.1297822,4.380919456
14:43:47,12.6898613,19.9910717,4.109429836,4.294507027,,4.109429836,4.294507027
14:43:48,12.67968941,19.98598862,4.160310745,4.264008522,,4.160310745,4.264008522
14:43:49,12.67460442,19.98598862,4.312953472,4.325005531,,4.312953472,4.325005531
14:43:50,12.66443348,19.98090553,4.297689438,4.243676186,,4.297689438,4.243676186
14:43:51,12.68477535,19.98598862,4.211191654,4.319922447,,4.211191654,4.319922447
14:43:52,12.66951847,19.9910717,4.175575256,4.36058712,,4.175575256,4.36058712
14:43:53,12.67968941,19.98598862,4.165399075,4.355504036,,4.165399075,4.355504036
14:43:54,12.66443348,19.98598862,4.246808529,4.330088615,,4.246808529,4.330088615
14:43:55,12.6491766,19.98090553,4.19592762,4.284340858,,4.19592762,4.284340858
14:43:56,12.65426159,19.98598862,4.145046711,4.279257774,,4.145046711,4.279257774
14:43:57,12.65426159,19.98090553,4.231544018,4.264008522,,4.231544018,4.264008522
14:43:58,12.67460442,19.98598862,4.323129654,4.27417469,,4.323129654,4.27417469
14:43:59,12.65426159,19.98598862,4.145046711,4.253842354,,4.145046711,4.253842354
14:44:00,12.6491766,19.98598862,4.170486927,4.325005531,,4.170486927,4.325005531
14:44:01,12.6491766,19.98090553,4.206103802,4.411417961,,4.206103802,4.411417961
14:44:02,12.65426159,19.98598862,4.160310745,4.309756279,,4.160310745,4.309756279
14:44:03,12.6491766,19.98598862,4.246808529,4.345337868,,4.246808529,4.345337868
14:44:04,12.63391972,19.98598862,4.211191654,4.294507027,,4.211191654,4.294507027
14:44:05,12.63900471,19.98598862,4.114518166,4.36058712,,4.114518166,4.36058712
14:44:06,12.62374878,19.98090553,4.170486927,4.345337868,,4.170486927,4.345337868
14:44:07,12.63900471,19.98598862,4.236632347,4.294507027,,4.236632347,4.294507027
14:44:08,12.62374878,19.98598862,4.099253654,4.3351717,,4.099253654,4.3351717
14:44:09,12.63900471,19.98598862,4.160310745,4.36058712,,4.160310745,4.36058712
14:44:10,12.61357689,19.98090553,4.180663109,4.325005531,,4.180663109,4.325005531
14:44:11,12.63391972,19.98090553,4.139958382,4.258925438,,4.139958382,4.258925438
14:44:12,12.63391972,19.98090553,4.139958382,4.289423943,,4.139958382,4.289423943
14:44:13,12.63391972,19.98598862,4.19592762,4.330088615,,4.19592762,4.330088615
14:44:14,12.61866283,19.98090553,4.155222893,4.289423943,,4.155222893,4.289423943
14:44:15,12.6491766,19.98090553,4.139958382,4.258925438,,4.139958382,4.258925438
14:44:16,12.64409065,19.9910717,4.048372746,4.294507027,,4.048372746,4.294507027
14:44:17,12.63900471,19.98090553,4.063637257,4.365670204,,4.063637257,4.365670204
14:44:18,12.63900471,19.88432693,4.08398962,4.264008522,,4.08398962,4.264008522
14:44:19,12.64409065,19.68100357,4.1297822,4.253842354,,4.1297822,4.253842354
14:44:20,12.63900471,19.68100357,4.073813438,4.299590111,,4.073813438,4.299590111
14:44:21,12.6491766,19.85382843,4.063637257,4.27417469,,4.063637257,4.27417469
14:44:22,12.65426159,19.87416077,4.048372746,4.314839363,,4.048372746,4.314839363
14:44:23,12.63900471,19.77758217,4.033108711,4.289423943,,4.033108711,4.289423943
14:44:24,12.6491766,19.75724983,4.053461075,4.330088615,,4.053461075,4.330088615
14:44:25,12.63900471,19.81316376,4.048372746,4.24875927,,4.048372746,4.24875927
14:44:26,12.64409065,19.77249908,4.089077473,4.36058712,,4.089077473,4.36058712
14:44:27,12.64409065,19.77758217,4.160310745,4.355504036,,4.160310745,4.355504036
14:44:28,12.6491766,19.68100357,4.104341984,4.264008522,,4.104341984,4.264008522
14:44:29,12.65934753,19.68100357,4.114518166,4.233510017,,4.114518166,4.233510017
14:44:30,12.6491766,19.52851105,4.221367836,4.279257774,,4.221367836,4.279257774
14:44:31,12.65426159,19.57934189,4.043284893,4.325005531,,4.043284893,4.325005531
14:44:32,12.64409065,19.60984039,4.134870529,4.309756279,,4.134870529,4.309756279
14:44:33,12.6491766,19.59459114,4.063637257,4.264008522,,4.063637257,4.264008522
14:44:34,12.67460442,19.49801254,4.119606018,4.258925438,,4.119606018,4.258925438
14:44:35,12.73563099,19.46243095,4.109429836,4.340254784,,4.109429836,4.340254784
14:44:36,12.76614475,19.36585236,4.094165802,4.279257774,,4.094165802,4.279257774
14:44:37,12.75597382,19.37093544,4.048372746,4.299590111,,4.048372746,4.299590111
14:44:38,12.7712307,19.50817871,4.190839291,4.299590111,,4.190839291,4.299590111
14:44:39,12.75088787,19.5132618,4.134870529,4.228426933,,4.134870529,4.228426933
14:44:40,12.75088787,19.56409264,4.272248745,4.345337868,,4.272248745,4.345337868
14:44:41,12.71528912,19.59967422,4.292601109,4.27417469,,4.292601109,4.27417469
14:44:42,12.70003223,19.55392647,4.251896381,4.294507027,,4.251896381,4.294507027
14:44:43,12.70511818,19.48276329,4.353658199,4.350420952,,4.353658199,4.350420952
14:44:44,12.71528912,19.50309563,4.287513256,4.269091606,,4.287513256,4.269091606
14:44:45,12.77631569,19.55392647,4.246808529,4.289423943,,4.246808529,4.289423943
14:44:46,12.82208633,19.6708374,4.409627438,4.330088615,,4.409627438,4.330088615
14:44:47,12.8526001,19.69116974,4.323129654,4.264008522,,4.323129654,4.264008522
14:44:48,12.91871262,19.65558815,4.353658199,4.27417469,,4.353658199,4.27417469
14:44:49,12.91362667,19.67592049,4.312953472,4.309756279,,4.312953472,4.309756279
14:44:50,12.86785698,19.66067123,4.409627438,4.426667213,,4.409627438,4.426667213
14:44:51,12.86785698,19.60984039,4.470684528,4.314839363,,4.470684528,4.314839363
14:44:52,12.76105881,19.56409264,4.547005653,4.314839363,,4.547005653,4.314839363
14:44:53,12.70003223,19.5437603,4.572446346,4.279257774,,4.572446346,4.279257774
14:44:54,12.84751415,19.49292946,4.531741619,4.27417469,,4.531741619,4.27417469
14:44:55,12.87294197,19.66067123,4.541917801,4.36058712,,4.541917801,4.36058712
14:44:56,12.81700039,19.80808067,4.59279871,4.350420952,,4.59279871,4.350420952
14:44:57,12.74580288,19.90974236,4.572446346,4.319922447,,4.572446346,4.319922447
14:44:58,12.70511818,19.95549011,4.485948563,4.355504036,,4.485948563,4.355504036
14:44:59,12.70511818,19.87924385,4.496124744,4.421584129,,4.496124744,4.421584129
14:45:00,12.70511818,19.8639946,4.460508347,4.289423943,,4.460508347,4.289423943
14:45:01,12.69494629,19.90465927,4.429979801,4.375836372,,4.429979801,4.375836372
14:45:02,12.68477535,19.98090553,4.389275074,4.299590111,,4.389275074,4.299590111
14:45:03,12.68477535,19.98090553,4.353658199,4.370753288,,4.353658199,4.370753288
14:45:04,12.67968941,19.98598862,4.328217983,4.289423943,,4.328217983,4.289423943
14:45:05,12.66951847,19.98598862,4.363834381,4.406334877,,4.363834381,4.406334877
14:45:06,12.6491766,19.95040703,4.353658199,4.314839363,,4.353658199,4.314839363
14:45:07,12.63900471,19.98598862,4.333305836,4.370753288,,4.333305836,4.370753288
14:45:08,12.65934753,19.98598862,4.282424927,4.350420952,,4.282424927,4.350420952
14:45:09,12.65426159,19.97582245,4.236632347,4.370753288,,4.236632347,4.370753288
14:45:10,12.65426159,19.92499161,4.185751438,4.370753288,,4.185751438,4.370753288
14:45:11,12.65934753,19.98598862,4.165399075,4.355504036,,4.165399075,4.355504036
14:45:12,12.62883377,19.97073936,4.19592762,4.370753288,,4.19592762,4.370753288
14:45:13,12.64409065,19.92499161,4.139958382,4.340254784,,4.139958382,4.340254784
14:45:14,12.6491766,19.98090553,4.160310745,4.325005531,,4.160310745,4.325005531
14:45:15,12.65934753,19.98090553,4.175575256,4.279257774,,4.175575256,4.279257774
14:45:16,12.66443348,19.98090553,4.134870529,4.340254784,,4.134870529,4.340254784
14:45:17,12.63391972,19.98090553,4.231544018,4.325005531,,4.231544018,4.325005531
14:45:18,12.63900471,19.98090553,4.236632347,4.340254784,,4.236632347,4.340254784
14:45:19,12.62883377,19.95549011,4.221367836,4.370753288,,4.221367836,4.370753288
14:45:20,12.64409065,19.9910717,4.1297822,4.36058712,,4.1297822,4.36058712
14:45:21,12.63900471,19.9910717,4.175575256,4.330088615,,4.175575256,4.330088615
14:45:22,12.62374878,19.98090553,4.221367836,4.284340858,,4.221367836,4.284340858
14:45:23,12.6491766,19.98090553,4.206103802,4.284340858,,4.206103802,4.284340858
14:45:24,12.65934753,19.98090553,4.180663109,4.330088615,,4.180663109,4.330088615
14:45:25,12.63900471,19.98090553,4.165399075,4.304673195,,4.165399075,4.304673195
14:45:26,12.68477535,19.97582245,4.078901291,4.289423943,,4.078901291,4.289423943
14:45:27,12.79157257,19.98090553,4.063637257,4.294507027,,4.063637257,4.294507027
14:45:28,12.72037411,19.98598862,4.226456165,4.3351717,,4.226456165,4.3351717
14:45:29,12.76614475,19.98598862,4.150134563,4.309756279,,4.150134563,4.309756279
14:45:30,12.77631569,19.98090553,4.109429836,4.289423943,,4.109429836,4.289423943
14:45:31,12.65934753,19.98598862,4.068725109,4.27417469,,4.068725109,4.27417469
14:45:32,12.64409065,19.98090553,4.08398962,4.258925438,,4.08398962,4.258925438
14:45:33,12.63900471,19.98090553,4.139958382,4.36058712,,4.139958382,4.36058712
14:45:34,12.63391972,19.98090553,4.078901291,4.264008522,,4.078901291,4.264008522
14:45:35,12.6491766,19.98090553,4.109429836,4.355504036,,4.109429836,4.355504036
14:45:36,12.6491766,19.98598862,4.1297822,4.269091606,,4.1297822,4.269091606
14:45:37,12.67460442,19.98598862,4.073813438,4.314839363,,4.073813438,4.314839363
14:45:38,12.64409065,19.98598862,4.145046711,4.304673195,,4.145046711,4.304673195
14:45:39,12.64409065,19.98598862,4.073813438,4.350420952,,4.073813438,4.350420952
14:45:40,12.62883377,19.98090553,4.221367836,4.279257774,,4.221367836,4.279257774
14:45:41,12.62374878,19.98090553,4.155222893,4.304673195,,4.155222893,4.304673195
14:45:42,12.63391972,19.98598862,4.063637257,4.299590111,,4.063637257,4.299590111
14:45:43,12.64409065,19.98598862,4.190839291,4.319922447,,4.190839291,4.319922447
14:45:44,12.64409065,19.98090553,4.089077473,4.299590111,,4.089077473,4.299590111
14:45:45,12.63900471,19.98090553,4.094165802,4.294507027,,4.094165802,4.294507027
14:45:46,12.63391972,19.98090553,4.1297822,4.330088615,,4.1297822,4.330088615
14:45:47,12.6491766,19.98598862,4.058548927,4.3351717,,4.058548927,4.3351717
14:45:48,12.63900471,19.98598862,4.155222893,4.289423943,,4.155222893,4.289423943
14:45:49,12.67460442,19.98090553,4.043284893,4.258925438,,4.043284893,4.258925438
14:45:50,12.70511818,19.98598862,4.124694347,4.269091606,,4.124694347,4.269091606
14:45:51,12.66443348,19.98090553,4.0178442,4.289423943,,4.0178442,4.289423943
14:45:52,12.64409065,19.98090553,4.160310745,4.299590111,,4.160310745,4.299590111
14:45:53,12.66443348,19.98598862,4.058548927,4.319922447,,4.058548927,4.319922447
14:45:54,12.62883377,19.97582245,4.094165802,4.36058712,,4.094165802,4.36058712
14:45:55,12.62883377,19.98090553,4.08398962,4.330088615,,4.08398962,4.330088615
14:45:56,12.63391972,19.98090553,4.078901291,4.350420952,,4.078901291,4.350420952
14:45:57,12.63391972,19.98090553,4.109429836,4.304673195,,4.109429836,4.304673195
14:45:58,12.62883377,19.95549011,4.119606018,4.289423943,,4.119606018,4.289423943
14:45:59,12.63391972,19.93515778,4.073813438,4.304673195,,4.073813438,4.304673195
14:46:00,12.63900471,19.88941002,4.094165802,4.416501045,,4.094165802,4.416501045
14:46:01,12.63391972,19.91990852,4.109429836,4.380919456,,4.109429836,4.380919456
14:46:02,12.62374878,19.9605732,4.08398962,4.380919456,,4.08398962,4.380919456
14:46:03,12.62883377,19.98090553,4.073813438,4.294507027,,4.073813438,4.294507027
14:46:04,12.61357689,19.98598862,4.099253654,4.299590111,,4.099253654,4.299590111
14:46:05,12.64409065,19.95040703,4.038196564,4.284340858,,4.038196564,4.284340858
14:46:06,12.62883377,19.82841301,4.104341984,4.208094597,,4.104341984,4.208094597
14:46:07,12.63391972,19.71658516,4.058548927,4.309756279,,4.058548927,4.309756279
14:46:08,12.62374878,19.67592049,4.043284893,4.345337868,,4.043284893,4.345337868
14:46:09,12.64409065,19.68608665,4.119606018,4.340254784,,4.119606018,4.340254784
14:46:10,12.62374878,19.70641899,4.08398962,4.284340858,,4.08398962,4.284340858
14:46:11,12.63391972,19.73183441,3.987315893,4.218260765,,3.987315893,4.218260765
14:46:12,12.62374878,19.86907768,4.068725109,4.213177681,,4.068725109,4.213177681
14:46:13,12.63391972,19.8944931,4.048372746,4.3351717,,4.048372746,4.3351717
14:46:14,12.6491766,19.87924385,4.104341984,4.284340858,,4.104341984,4.284340858
14:46:15,12.63391972,19.84366226,4.119606018,4.27417469,,4.119606018,4.27417469
14:46:16,12.62374878,19.88432693,4.068725109,4.314839363,,4.068725109,4.314839363
14:46:17,12.63391972,19.82841301,4.038196564,4.294507027,,4.038196564,4.294507027
14:46:18,12.63391972,19.81316376,4.094165802,4.269091606,,4.094165802,4.269091606
14:46:19,12.62883377,19.78774834,4.134870529,4.279257774,,4.134870529,4.279257774
14:46:20,12.62374878,19.82332993,4.190839291,4.238593102,,4.190839291,4.238593102
14:46:21,12.61866283,19.87924385,3.997492075,4.299590111,,3.997492075,4.299590111
14:46:22,12.62374878,19.94532394,4.109429836,4.253842354,,4.109429836,4.253842354
14:46:23,12.61357689,19.98090553,4.104341984,4.279257774,,4.104341984,4.279257774
14:46:24,12.62883377,19.91482544,4.170486927,4.325005531,,4.170486927,4.325005531
14:46:25,12.61357689,19.91482544,4.033108711,4.258925438,,4.033108711,4.258925438
14:46:26,12.63391972,19.9910717,4.007668018,4.289423943,,4.007668018,4.289423943
14:46:27,12.61866283,19.98598862,4.028020382,4.36058712,,4.028020382,4.36058712
14:46:28,12.62883377,19.98598862,4.0178442,4.238593102,,4.0178442,4.238593102
14:46:29,12.62883377,19.98598862,4.058548927,4.279257774,,4.058548927,4.279257774
14:46:30,12.61866283,19.98090553,4.063637257,4.228426933,,4.063637257,4.228426933
14:46:31,12.62883377,19.98598862,4.073813438,4.314839363,,4.073813438,4.314839363
14:46:32,12.62883377,19.95549011,4.0178442,4.233510017,,4.0178442,4.233510017
14:46:33,12.62883377,19.80808067,4.038196564,4.350420952,,4.038196564,4.350420952
14:46:34,12.62374878,19.74708366,4.002580166,4.27417469,,4.002580166,4.27417469
14:46:35,12.62883377,19.75724983,4.038196564,4.299590111,,4.038196564,4.299590111
14:46:36,12.63391972,19.76233292,4.073813438,4.299590111,,4.073813438,4.299590111
14:46:37,12.6491766,19.81824684,4.139958382,4.355504036,,4.139958382,4.355504036
14:46:38,12.61866283,19.86907768,4.119606018,4.243676186,,4.119606018,4.243676186
14:46:39,12.62374878,19.90974236,4.134870529,4.365670204,,4.134870529,4.365670204
14:46:40,12.61357689,19.89957619,4.099253654,4.253842354,,4.099253654,4.253842354
14:46:41,12.61866283,19.95549011,4.007668018,4.325005531,,4.007668018,4.325005531
14:46:42,12.62374878,19.98090553,4.053461075,4.24875927,,4.053461075,4.24875927
14:46:43,12.62883377,19.98598862,4.007668018,4.370753288,,4.007668018,4.370753288
14:46:44,12.62374878,19.98598862,4.073813438,4.314839363,,4.073813438,4.314839363
14:46:45,12.62883377,19.9910717,4.160310745,4.350420952,,4.160310745,4.350420952
14:46:46,12.63900471,19.98090553,4.124694347,4.319922447,,4.124694347,4.319922447
14:46:47,12.62883377,19.98090553,4.068725109,4.340254784,,4.068725109,4.340254784
14:46:48,12.6084919,19.98090553,4.007668018,4.264008522,,4.007668018,4.264008522
14:46:49,12.62883377,19.98090553,4.094165802,4.396168709,,4.094165802,4.396168709
14:46:50,12.61866283,19.98598862,4.114518166,4.27417469,,4.114518166,4.27417469
14:46:51,12.61866283,19.98598862,4.094165802,4.258925438,,4.094165802,4.258925438
14:46:52,12.62883377,19.98090553,4.043284893,4.314839363,,4.043284893,4.314839363
14:46:53,12.64409065,19.98598862,4.068725109,4.279257774,,4.068725109,4.279257774
14:46:54,12.63391972,19.98598862,4.150134563,4.27417469,,4.150134563,4.27417469
14:46:55,12.63391972,19.98598862,4.0178442,4.319922447,,4.0178442,4.319922447
14:46:56,12.64409065,19.97582245,4.175575256,4.24875927,,4.175575256,4.24875927
14:46:57,12.62374878,19.98090553,4.063637257,4.289423943,,4.063637257,4.289423943
14:46:58,12.63391972,19.9910717,4.139958382,4.233510017,,4.139958382,4.233510017
14:46:59,12.64409065,19.90974236,4.022932529,4.345337868,,4.022932529,4.345337868
14:47:00,12.63900471,19.87416077,4.134870529,4.289423943,,4.134870529,4.289423943
14:47:01,12.65426159,19.96565628,4.053461075,4.345337868,,4.053461075,4.345337868
14:47:02,12.63900471,19.98598862,4.038196564,4.228426933,,4.038196564,4.228426933
14:47:03,12.64409065,19.98598862,4.043284893,4.330088615,,4.043284893,4.330088615
14:47:04,12.64409065,19.98090553,4.1297822,4.258925438,,4.1297822,4.258925438
14:47:05,12.63900471,19.9910717,4.073813438,4.299590111,,4.073813438,4.299590111
14:47:06,12.64409065,19.98598862,4.0178442,4.284340858,,4.0178442,4.284340858
14:47:07,12.63391972,19.97582245,4.022932529,4.269091606,,4.022932529,4.269091606
14:47:08,12.6491766,19.92499161,4.078901291,4.299590111,,4.078901291,4.299590111
14:47:09,12.65426159,19.80808067,4.099253654,4.218260765,,4.099253654,4.218260765
14:47:10,12.65426159,19.66067123,4.150134563,4.340254784,,4.150134563,4.340254784
14:47:11,12.63900471,19.64542198,4.099253654,4.258925438,,4.099253654,4.258925438
14:47:12,12.64409065,19.71150208,4.0178442,4.243676186,,4.0178442,4.243676186
14:47:13,12.6491766,19.72675133,4.053461075,4.319922447,,4.053461075,4.319922447
14:47:14,12.64409065,19.74200058,4.109429836,4.253842354,,4.109429836,4.253842354
14:47:15,12.6491766,19.72675133,4.124694347,4.264008522,,4.124694347,4.264008522
14:47:16,12.65426159,19.75216675,4.094165802,4.345337868,,4.094165802,4.345337868
14:47:17,12.65426159,19.69625282,4.089077473,4.238593102,,4.089077473,4.238593102
14:47:18,12.64409065,19.55900955,4.08398962,4.253842354,,4.08398962,4.253842354
14:47:19,12.63900471,19.49292946,4.002580166,4.258925438,,4.002580166,4.258925438
14:47:20,12.64409065,19.5132618,4.094165802,4.304673195,,4.094165802,4.304673195
14:47:21,12.65934753,19.58950806,4.134870529,4.309756279,,4.134870529,4.309756279
14:47:22,12.65426159,19.51834488,4.007668018,4.27417469,,4.007668018,4.27417469
14:47:23,12.6491766,19.50817871,4.094165802,4.253842354,,4.094165802,4.253842354
14:47:24,12.66951847,19.46751404,4.073813438,4.233510017,,4.073813438,4.233510017
14:47:25,12.63900471,19.39635086,4.022932529,4.309756279,,4.022932529,4.309756279
14:47:26,12.65426159,19.39126778,4.114518166,4.284340858,,4.114518166,4.284340858
14:47:27,12.6491766,19.26419067,4.073813438,4.304673195,,4.073813438,4.304673195
14:47:28,12.6491766,19.16761208,4.048372746,4.330088615,,4.048372746,4.330088615
14:47:29,12.65426159,19.13203049,4.068725109,4.223343849,,4.068725109,4.223343849
14:47:30,12.66443348,19.21844292,4.139958382,4.264008522,,4.139958382,4.264008522
14:47:31,12.65426159,19.3506031,3.987315893,4.203011513,,3.987315893,4.203011513
14:47:32,12.6491766,19.40143394,4.073813438,4.243676186,,4.073813438,4.243676186
14:47:33,12.6491766,19.32518768,4.109429836,4.228426933,,4.109429836,4.228426933
14:47:34,12.65934753,19.23877525,4.073813438,4.228426933,,4.073813438,4.228426933
14:47:35,12.64409065,19.26927376,4.063637257,4.238593102,,4.063637257,4.238593102
14:47:36,12.6491766,19.36585236,4.053461075,4.289423943,,4.053461075,4.289423943
14:47:37,12.65426159,19.5132618,4.073813438,4.319922447,,4.073813438,4.319922447
14:47:38,12.65934753,19.56917572,4.124694347,4.289423943,,4.124694347,4.289423943
14:47:39,12.65934753,19.65558815,4.002580166,4.279257774,,4.002580166,4.279257774
14:47:40,12.65934753,19.68608665,4.099253654,4.223343849,,4.099253654,4.223343849
14:47:41,12.6491766,19.75216675,4.043284893,4.24875927,,4.043284893,4.24875927
14:47:42,12.65934753,19.77249908,4.053461075,4.258925438,,4.053461075,4.258925438
14:47:43,12.65934753,19.7369175,4.0178442,4.319922447,,4.0178442,4.319922447
14:47:44,12.66443348,19.75216675,4.099253654,4.24875927,,4.099253654,4.24875927
14:47:45,12.66951847,19.75216675,4.012756348,4.269091606,,4.012756348,4.269091606
14:47:46,12.66443348,19.66575432,4.104341984,4.309756279,,4.104341984,4.309756279
14:47:47,12.67968941,19.72675133,4.033108711,4.258925438,,4.033108711,4.258925438
14:47:48,12.67460442,19.91482544,4.145046711,4.314839363,,4.145046711,4.314839363
14:47:49,12.65934753,19.97582245,4.073813438,4.258925438,,4.073813438,4.258925438
14:47:50,12.66443348,19.98090553,4.139958382,4.24875927,,4.139958382,4.24875927
14:47:51,12.66951847,19.98090553,4.099253654,4.238593102,,4.099253654,4.238593102
14:47:52,12.65426159,19.97582245,4.078901291,4.264008522,,4.078901291,4.264008522
14:47:53,12.65934753,19.98090553,4.170486927,4.264008522,,4.170486927,4.264008522
14:47:54,12.66443348,19.98090553,4.155222893,4.299590111,,4.155222893,4.299590111
14:47:55,12.65934753,19.9910717,4.058548927,4.258925438,,4.058548927,4.258925438
14:47:56,12.63900471,19.98598862,4.124694347,4.243676186,,4.124694347,4.243676186
14:47:57,12.64409065,19.98598862,4.078901291,4.304673195,,4.078901291,4.304673195
14:47:58,12.64409065,19.98598862,4.114518166,4.24875927,,4.114518166,4.24875927
14:47:59,12.63391972,19.98090553,4.150134563,4.406334877,,4.150134563,4.406334877
14:48:00,12.62883377,19.98090553,4.08398962,4.253842354,,4.08398962,4.253842354
14:48:01,12.63900471,19.98090553,4.134870529,4.365670204,,4.134870529,4.365670204
14:48:02,12.63900471,19.98090553,4.104341984,4.243676186,,4.104341984,4.243676186
14:48:03,12.64409065,19.98598862,4.089077473,4.396168709,,4.089077473,4.396168709
14:48:04,12.63391972,19.98598862,4.1297822,4.314839363,,4.1297822,4.314839363
14:48:05,12.6491766,19.98090553,4.0178442,4.228426933,,4.0178442,4.228426933
14:48:06,12.63900471,19.98598862,4.058548927,4.309756279,,4.058548927,4.309756279
14:48:07,12.63391972,19.98598862,4.0178442,4.228426933,,4.0178442,4.228426933
14:48:08,12.6491766,19.98598862,4.114518166,4.314839363,,4.114518166,4.314839363
14:48:09,12.63900471,19.98598862,4.068725109,4.238593102,,4.068725109,4.238593102
14:48:10,12.6491766,19.98090553,4.033108711,4.309756279,,4.033108711,4.309756279
14:48:11,12.63391972,19.98598862,4.155222893,4.253842354,,4.155222893,4.253842354
14:48:12,12.63900471,19.9910717,4.119606018,4.325005531,,4.119606018,4.325005531
14:48:13,12.6491766,19.98090553,4.028020382,4.299590111,,4.028020382,4.299590111
14:48:14,12.6491766,19.97073936,4.099253654,4.269091606,,4.099253654,4.269091606
14:48:15,12.65426159,19.95040703,4.068725109,4.319922447,,4.068725109,4.319922447
14:48:16,12.67968941,19.89957619,4.058548927,4.269091606,,4.058548927,4.269091606
14:48:17,12.6898613,19.77758217,4.007668018,4.304673195,,4.007668018,4.304673195
14:48:18,12.69494629,19.80299759,4.119606018,4.289423943,,4.119606018,4.289423943
14:48:19,12.70003223,19.85891151,4.114518166,4.253842354,,4.114518166,4.253842354
14:48:20,12.70003223,19.98598862,4.1297822,4.284340858,,4.1297822,4.284340858
14:48:21,12.68477535,19.9910717,4.078901291,4.396168709,,4.078901291,4.396168709
14:48:22,12.70003223,19.9605732,4.221367836,4.319922447,,4.221367836,4.319922447
14:48:23,12.70511818,19.91482544,4.145046711,4.258925438,,4.145046711,4.258925438
14:48:24,12.71528912,19.98090553,4.190839291,4.289423943,,4.190839291,4.289423943
14:48:25,12.75088787,19.96565628,4.1297822,4.319922447,,4.1297822,4.319922447
14:48:26,12.73563099,19.94532394,4.160310745,4.228426933,,4.160310745,4.228426933
14:48:27,12.74580288,19.95549011,4.190839291,4.299590111,,4.190839291,4.299590111
14:48:28,12.74580288,19.98090553,4.165399075,4.223343849,,4.165399075,4.223343849
14:48:29,12.75597382,19.98090553,4.312953472,4.218260765,,4.312953472,4.218260765
14:48:30,12.75088787,19.98598862,4.374010563,4.350420952,,4.374010563,4.350420952
14:48:31,12.75088787,19.98090553,4.363834381,4.223343849,,4.363834381,4.223343849
14:48:32,12.76614475,19.98090553,4.384186745,4.340254784,,4.384186745,4.340254784
14:48:33,12.77631569,19.9910717,4.36892271,4.238593102,,4.36892271,4.238593102
14:48:34,12.76105881,19.98090553,4.323129654,4.299590111,,4.323129654,4.299590111
14:48:35,12.76105881,19.98090553,4.353658199,4.208094597,,4.353658199,4.208094597
14:48:36,12.730546,19.98090553,4.374010563,4.314839363,,4.374010563,4.314839363
14:48:37,12.68477535,19.98598862,4.41471529,4.325005531,,4.41471529,4.325005531
14:48:38,12.71020317,19.97582245,4.399451256,4.279257774,,4.399451256,4.279257774
14:48:39,12.70003223,19.95549011,4.343482018,4.325005531,,4.343482018,4.325005531
14:48:40,12.72546005,19.97073936,4.343482018,4.24875927,,4.343482018,4.24875927
14:48:41,12.74071693,19.98598862,4.348570347,4.3351717,,4.348570347,4.3351717
14:48:42,12.74071693,19.98598862,4.363834381,4.279257774,,4.363834381,4.279257774
14:48:43,12.72546005,19.98598862,4.470684528,4.330088615,,4.470684528,4.330088615
14:48:44,12.72546005,19.98090553,4.399451256,4.238593102,,4.399451256,4.238593102
14:48:45,12.71020317,19.98598862,4.404539108,4.279257774,,4.404539108,4.279257774
14:48:46,12.68477535,19.98090553,4.419803619,4.355504036,,4.419803619,4.355504036
14:48:47,12.71020317,19.98090553,4.429979801,4.243676186,,4.429979801,4.243676186
14:48:48,12.71020317,19.98598862,4.440155983,4.345337868,,4.440155983,4.345337868
14:48:49,12.68477535,19.93007469,4.30277729,4.258925438,,4.30277729,4.258925438
14:48:50,12.72037411,19.8639946,4.312953472,4.365670204,,4.312953472,4.365670204
14:48:51,12.82717228,19.75724983,4.30277729,4.258925438,,4.30277729,4.258925438
14:48:52,12.82717228,19.70133591,4.318041801,4.289423943,,4.318041801,4.289423943
14:48:53,12.85768509,19.60984039,4.323129654,4.350420952,,4.323129654,4.350420952
14:48:54,12.87294197,19.57934189,4.399451256,4.27417469,,4.399451256,4.27417469
14:48:55,13.11705017,19.62000656,4.48086071,4.279257774,,4.48086071,4.279257774
14:48:56,13.11705017,19.6708374,4.597886562,4.269091606,,4.597886562,4.269091606
14:48:57,13.00516701,19.70133591,4.674208164,4.264008522,,4.674208164,4.264008522
14:48:58,13.09162235,19.68608665,4.786146164,4.294507027,,4.786146164,4.294507027
14:48:59,13.11705017,19.72166824,4.9896698,4.314839363,,4.9896698,4.314839363
14:49:00,13.0153389,19.74708366,5.127048016,4.365670204,,5.127048016,4.365670204
14:49:01,13.05093765,19.81316376,5.223721981,4.345337868,,5.223721981,4.345337868
14:49:02,13.07128048,19.89957619,5.356012344,4.253842354,,5.356012344,4.253842354
14:49:03,13.137393,19.94024086,5.38145256,4.365670204,,5.38145256,4.365670204
14:49:04,13.0560236,19.91990852,5.442509651,4.396168709,,5.442509651,4.396168709
14:49:05,13.04076672,19.93007469,5.569712162,4.289423943,,5.569712162,4.289423943
14:49:06,12.96956825,19.92499161,5.640945435,4.3351717,,5.640945435,4.3351717
14:49:07,13.00516701,19.93007469,5.569712162,4.436833382,,5.569712162,4.436833382
14:49:08,12.9339695,19.88941002,5.661297798,4.401251793,,5.661297798,4.401251793
14:49:09,12.99499607,19.88432693,5.640945435,4.401251793,,5.640945435,4.401251793
14:49:10,13.08653641,19.97073936,5.584976196,4.375836372,,5.584976196,4.375836372
14:49:11,13.02550983,19.91990852,5.467950344,4.457165718,,5.467950344,4.457165718
14:49:12,12.9746542,19.89957619,5.508655071,4.421584129,,5.508655071,4.421584129
14:49:13,13.06619453,19.9910717,5.569712162,4.36058712,,5.569712162,4.36058712
14:49:14,13.14247799,19.98598862,5.498478889,4.380919456,,5.498478889,4.380919456
14:49:15,13.12722111,19.98090553,5.595152378,4.436833382,,5.595152378,4.436833382
14:49:16,13.0560236,19.98090553,5.503566742,4.452082634,,5.503566742,4.452082634
14:49:17,13.07128048,19.98090553,5.661297798,4.487664223,,5.661297798,4.487664223
14:49:18,13.27978897,19.98598862,5.691826344,4.431750298,,5.691826344,4.431750298
14:49:19,13.33573055,19.98090553,5.732531071,4.370753288,,5.732531071,4.370753288
14:49:20,13.44761372,19.97582245,5.798676014,4.411417961,,5.798676014,4.411417961
14:49:21,13.51881218,19.94024086,5.992023468,4.518162727,,5.992023468,4.518162727
14:49:22,13.73240662,19.91990852,6.134490013,4.487664223,,6.134490013,4.487664223
14:49:23,13.57475281,19.90974236,6.297308922,4.477498055,,6.297308922,4.477498055
14:49:24,13.40184307,19.8944931,6.699268341,4.436833382,,6.699268341,4.436833382
14:49:25,13.32555962,19.8944931,6.933320522,4.416501045,,6.933320522,4.416501045
14:49:26,13.44252777,19.98598862,7.116491795,4.487664223,,7.116491795,4.487664223
14:49:27,13.54932499,19.98090553,7.264046192,4.528328896,,7.264046192,4.528328896
14:49:28,13.54424,19.98598862,7.228429794,4.426667213,,7.228429794,4.426667213
14:49:29,13.63578033,19.98598862,7.248782158,4.487664223,,7.248782158,4.487664223
14:49:30,13.52898312,19.98598862,7.452305794,4.543578148,,7.452305794,4.543578148
14:49:31,13.41709995,19.97582245,7.498098373,4.548661232,,7.498098373,4.548661232
14:49:32,13.52389717,19.98598862,7.559155464,4.599492073,,7.559155464,4.599492073
14:49:33,13.72223568,19.98090553,7.6507411,4.619824409,,7.6507411,4.619824409
14:49:34,13.50864029,19.92499161,7.620212555,4.609658241,,7.620212555,4.609658241
14:49:35,13.61543751,19.98090553,7.660917282,4.619824409,,7.660917282,4.619824409
14:49:36,13.70189285,19.98598862,7.767767429,4.543578148,,7.767767429,4.543578148
14:49:37,13.72732067,19.98090553,7.920410156,4.584242821,,7.920410156,4.584242821
14:49:38,13.73240662,19.97582245,7.966202736,4.5588274,,7.966202736,4.5588274
14:49:39,13.68155098,19.98090553,8.067964554,4.584242821,,8.067964554,4.584242821
14:49:40,13.53915405,19.98090553,8.215518951,4.64523983,,8.215518951,4.64523983
14:49:41,13.53406811,19.98598862,8.240960121,4.640156746,,8.240960121,4.640156746
14:49:42,13.46795559,19.98598862,8.307105064,4.696070671,,8.307105064,4.696070671
14:49:43,13.48829842,19.98090553,8.296928406,4.665572166,,8.296928406,4.665572166
14:49:44,13.59509563,19.98598862,8.240960121,4.640156746,,8.240960121,4.640156746
14:49:45,13.63069439,19.98598862,8.088316917,4.64523983,,8.088316917,4.64523983
14:49:46,13.51372623,19.98598862,8.078141212,4.762150764,,8.078141212,4.762150764
14:49:47,13.59000969,19.98090553,8.062876701,4.706236839,,8.062876701,4.706236839
14:49:48,13.61543751,19.98090553,8.073052406,4.696070671,,8.073052406,4.696070671
14:49:49,13.66120815,19.9910717,8.073052406,4.721486092,,8.073052406,4.721486092
14:49:50,13.52898312,19.98090553,8.144286156,4.721486092,,8.144286156,4.721486092
14:49:51,13.37132931,19.98598862,8.139198303,4.706236839,,8.139198303,4.706236839
14:49:52,13.61035252,19.98090553,8.154461861,4.660489082,,8.154461861,4.660489082
14:49:53,13.51372623,19.97582245,8.078141212,4.64523983,,8.078141212,4.64523983
14:49:54,13.54424,19.98598862,8.083229065,4.721486092,,8.083229065,4.721486092
14:49:55,13.53406811,19.98598862,8.006907463,4.726569176,,8.006907463,4.726569176
14:49:56,13.49846935,19.9910717,8.022171974,4.721486092,,8.022171974,4.721486092
14:49:57,13.3001318,19.8944931,8.001819611,4.701153755,,8.001819611,4.701153755
14:49:58,13.43235683,19.80808067,7.986555099,4.741818428,,7.986555099,4.741818428
14:49:59,13.55441093,19.81824684,8.022171974,4.706236839,,8.022171974,4.706236839
14:50:00,13.59000969,19.80299759,7.864440918,4.685904503,,7.864440918,4.685904503
14:50:01,13.72223568,19.83349609,7.8746171,4.726569176,,7.8746171,4.726569176
14:50:02,13.69172192,19.84366226,7.905145645,4.711319923,,7.905145645,4.711319923
14:50:03,13.57983875,19.82841301,7.996731281,4.690987587,,7.996731281,4.690987587
14:50:04,13.61035252,19.86907768,8.067964554,4.655405998,,8.067964554,4.655405998
14:50:05,13.72732067,19.85891151,8.184990883,4.726569176,,8.184990883,4.726569176
14:50:06,13.64086628,19.83857918,8.251135826,4.726569176,,8.251135826,4.726569176
14:50:07,13.54424,19.82332993,8.327457428,4.665572166,,8.327457428,4.665572166
14:50:08,13.53915405,19.80808067,8.393602371,4.736735344,,8.393602371,4.736735344
14:50:09,13.67137909,19.85891151,8.413954735,4.675738335,,8.413954735,4.675738335
14:50:10,13.71206379,19.8639946,8.393602371,4.685904503,,8.393602371,4.685904503
14:50:11,13.53915405,19.81824684,8.398690224,4.711319923,,8.398690224,4.711319923
14:50:12,13.43235683,19.79791451,8.449571609,4.655405998,,8.449571609,4.655405998
14:50:13,13.5035553,19.74200058,8.444483757,4.685904503,,8.444483757,4.685904503
14:50:14,13.64595127,19.78774834,8.469923973,4.751984596,,8.469923973,4.751984596
14:50:15,13.64086628,19.78774834,8.363074303,4.696070671,,8.363074303,4.696070671
14:50:16,13.59000969,19.80299759,8.27148819,4.746901512,,8.27148819,4.746901512
14:50:17,13.43235683,19.75216675,8.27148819,4.660489082,,8.27148819,4.660489082
14:50:18,13.51372623,19.63525581,8.352897644,4.696070671,,8.352897644,4.696070671
14:50:19,13.47812748,19.63017273,8.357985497,4.741818428,,8.357985497,4.741818428
14:50:20,13.51372623,19.66067123,8.246047974,4.751984596,,8.246047974,4.751984596
14:50:21,13.46795559,19.63525581,8.286752701,4.721486092,,8.286752701,4.721486092
14:50:22,13.36115837,19.65558815,8.17990303,4.762150764,,8.17990303,4.762150764
14:50:23,13.27978897,19.65558815,8.129021645,4.665572166,,8.129021645,4.665572166
14:50:24,13.45778465,19.71150208,8.108669281,4.777400017,,8.108669281,4.777400017
14:50:25,13.50864029,19.767416,8.022171974,4.701153755,,8.022171974,4.701153755
14:50:26,13.53406811,19.767416,7.910233974,4.711319923,,7.910233974,4.711319923
14:50:27,13.54424,19.77758217,7.8746171,4.701153755,,7.8746171,4.701153755
14:50:28,13.56966782,19.80299759,7.935674191,4.701153755,,7.935674191,4.701153755
14:50:29,13.49846935,19.78774834,7.894969463,4.746901512,,7.894969463,4.746901512
14:50:30,13.48829842,19.74708366,7.986555099,4.690987587,,7.986555099,4.690987587
14:50:31,13.55949688,19.72166824,8.032347679,4.716403008,,8.032347679,4.716403008
14:50:32,13.45269871,19.70641899,8.032347679,4.655405998,,8.032347679,4.655405998
14:50:33,13.53915405,19.74200058,8.144286156,4.73165226,,8.144286156,4.73165226
14:50:34,13.53406811,19.80299759,8.088316917,4.706236839,,8.088316917,4.706236839
14:50:35,13.43744278,19.80299759,8.195166588,4.64523983,,8.195166588,4.64523983
14:50:36,13.41201401,19.81824684,8.174814224,4.716403008,,8.174814224,4.716403008
14:50:37,13.48829842,19.84874535,8.108669281,4.690987587,,8.108669281,4.690987587
14:50:38,13.45269871,19.90974236,8.022171974,4.75706768,,8.022171974,4.75706768
14:50:39,13.48829842,19.98598862,7.991643429,4.665572166,,7.991643429,4.665572166
14:50:40,13.41201401,19.98090553,8.057788849,4.736735344,,8.057788849,4.736735344
14:50:41,13.39167213,19.98598862,7.966202736,4.685904503,,7.966202736,4.685904503
14:50:42,13.44761372,19.98090553,7.894969463,4.680821419,,7.894969463,4.680821419
14:50:43,13.39675808,19.9910717,7.813560009,4.696070671,,7.813560009,4.696070671
14:50:44,13.32047367,19.98598862,7.808472157,4.675738335,,7.808472157,4.675738335
14:50:45,13.40692902,19.98090553,7.732150555,4.701153755,,7.732150555,4.701153755
14:50:46,13.53915405,19.98090553,7.681269646,4.655405998,,7.681269646,4.655405998
14:50:47,13.54424,19.98598862,7.681269646,4.680821419,,7.681269646,4.680821419
14:50:48,13.50864029,19.98090553,7.742326736,4.736735344,,7.742326736,4.736735344
14:50:49,13.45269871,19.98090553,7.747415066,4.660489082,,7.747415066,4.660489082
14:50:50,13.3815012,19.98090553,7.864440918,4.640156746,,7.864440918,4.640156746
14:50:51,13.30521679,19.98598862,7.813560009,4.746901512,,7.813560009,4.746901512
14:50:52,13.32555962,19.98090553,7.864440918,4.675738335,,7.864440918,4.675738335
14:50:53,13.35607338,19.98598862,7.742326736,4.706236839,,7.742326736,4.706236839
14:50:54,13.3815012,19.98090553,7.706710339,4.696070671,,7.706710339,4.696070671
14:50:55,13.37641525,19.98090553,7.640564919,4.640156746,,7.640564919,4.640156746
14:50:56,13.30521679,19.98090553,7.579507828,4.726569176,,7.579507828,4.726569176
14:50:57,13.2594471,19.98090553,7.472658157,4.685904503,,7.472658157,4.685904503
14:50:58,13.29504585,19.98598862,7.472658157,4.655405998,,7.472658157,4.655405998
14:50:59,13.29504585,19.98598862,7.370896339,4.670655251,,7.370896339,4.670655251
14:51:00,13.12722111,19.98598862,7.25387001,4.614741325,,7.25387001,4.614741325
14:51:01,13.07128048,19.98598862,7.19281292,4.660489082,,7.19281292,4.660489082
14:51:02,13.07636547,19.9910717,7.14702034,4.640156746,,7.14702034,4.640156746
14:51:03,13.07128048,19.98598862,7.040170193,4.64523983,,7.040170193,4.64523983
14:51:04,13.11196518,19.9910717,6.912968159,4.690987587,,6.912968159,4.690987587
14:51:05,13.11705017,19.98090553,6.724708557,4.604575157,,6.724708557,4.604575157
14:51:06,13.11196518,19.98598862,6.63821125,4.614741325,,6.63821125,4.614741325
14:51:07,13.07128048,19.9910717,6.551713467,4.619824409,,6.551713467,4.619824409
14:51:08,13.06619453,19.98090553,6.546625614,4.584242821,,6.546625614,4.584242821
14:51:09,13.04076672,19.98090553,6.460127831,4.604575157,,6.460127831,4.604575157
14:51:10,13.00008202,19.98598862,6.429599285,4.635073662,,6.429599285,4.635073662
14:51:11,12.97973919,19.98598862,6.378718376,4.5588274,,6.378718376,4.5588274
14:51:12,12.97973919,19.98598862,6.327837467,4.584242821,,6.327837467,4.584242821
14:51:13,12.94922638,19.97582245,6.210811615,4.604575157,,6.210811615,4.604575157
14:51:14,12.94922638,19.98598862,6.149754524,4.492747307,,6.149754524,4.492747307
14:51:15,12.94922638,19.98598862,6.103961468,4.502913475,,6.103961468,4.502913475
14:51:16,12.98482513,19.98598862,6.022552013,4.523245811,,6.022552013,4.523245811
14:51:17,13.00008202,19.98090553,5.910614014,4.492747307,,5.910614014,4.492747307
14:51:18,12.95939732,19.98598862,5.930966377,4.538495064,,5.930966377,4.538495064
14:51:19,12.96956825,19.98090553,5.829204559,4.528328896,,5.829204559,4.528328896
14:51:20,12.95431137,19.98598862,5.874997616,4.462248802,,5.874997616,4.462248802
14:51:21,12.91362667,19.9910717,5.803764343,4.47241497,,5.803764343,4.47241497
14:51:22,12.86277103,19.98090553,5.773235798,4.497830391,,5.773235798,4.497830391
14:51:23,12.81700039,19.98598862,5.773235798,4.543578148,,5.773235798,4.543578148
14:51:24,12.82208633,19.98598862,5.640945435,4.452082634,,5.640945435,4.452082634
14:51:25,12.80174351,19.98598862,5.615504742,4.452082634,,5.615504742,4.452082634
14:51:26,12.78140163,19.98090553,5.508655071,4.5588274,,5.508655071,4.5588274
14:51:27,12.70003223,19.98598862,5.427245617,4.523245811,,5.427245617,4.523245811
14:51:28,12.64409065,19.98090553,5.356012344,4.487664223,,5.356012344,4.487664223
14:51:29,12.6491766,19.9910717,5.259338379,4.441916466,,5.259338379,4.441916466
14:51:30,12.6491766,19.98598862,5.142312527,4.436833382,,5.142312527,4.436833382
14:51:31,12.64409065,19.98598862,5.010022163,4.416501045,,5.010022163,4.416501045
14:51:32,12.68477535,19.98598862,4.913348198,4.380919456,,4.913348198,4.380919456
14:51:33,12.72546005,19.98598862,4.887907982,4.457165718,,4.887907982,4.457165718
14:51:34,12.70511818,19.91990852,4.750529289,4.421584129,,4.750529289,4.421584129
14:51:35,12.6898613,19.76233292,4.664031982,4.436833382,,4.664031982,4.436833382
14:51:36,12.70003223,19.70641899,4.694560528,4.380919456,,4.694560528,4.380919456
14:51:37,12.69494629,19.54884338,4.694560528,4.345337868,,4.694560528,4.345337868
14:51:38,12.730546,19.34043694,4.628415108,4.304673195,,4.628415108,4.304673195
14:51:39,12.78140163,19.33027077,4.552093983,4.309756279,,4.552093983,4.309756279
14:51:40,12.74580288,19.36585236,4.602974892,4.365670204,,4.602974892,4.365670204
14:51:41,12.73563099,19.43193245,4.597886562,4.350420952,,4.597886562,4.350420952
14:51:42,12.75597382,19.57934189,4.597886562,4.294507027,,4.597886562,4.294507027
14:51:43,12.83734322,19.66067123,4.582622528,4.325005531,,4.582622528,4.325005531
14:51:44,12.83225727,19.64542198,4.608062744,4.355504036,,4.608062744,4.355504036
14:51:45,12.8119154,19.56917572,4.623327255,4.314839363,,4.623327255,4.314839363
14:51:46,12.81700039,19.55900955,4.63859129,4.294507027,,4.63859129,4.294507027
14:51:47,12.83225727,19.62508965,4.658943653,4.325005531,,4.658943653,4.325005531
14:51:48,12.80682945,19.53867722,4.643679619,4.309756279,,4.643679619,4.309756279
14:51:49,12.80682945,19.50817871,4.750529289,4.264008522,,4.750529289,4.264008522
14:51:50,12.8119154,19.52851105,4.735265255,4.340254784,,4.735265255,4.340254784
14:51:51,12.79665852,19.63017273,4.750529289,4.238593102,,4.750529289,4.238593102
14:51:52,12.79665852,19.6708374,4.770881653,4.355504036,,4.770881653,4.355504036
14:51:53,12.8119154,19.71658516,4.786146164,4.258925438,,4.786146164,4.258925438
14:51:54,12.79157257,19.76233292,4.720000744,4.243676186,,4.720000744,4.243676186
14:51:55,12.76105881,19.78774834,4.730176926,4.3351717,,4.730176926,4.3351717
14:51:56,12.71020317,19.60984039,4.709824562,4.3351717,,4.709824562,4.3351717
14:51:57,12.69494629,19.43193245,4.740353107,4.279257774,,4.740353107,4.279257774
14:51:58,12.69494629,19.43701553,4.725089073,4.325005531,,4.725089073,4.325005531
14:51:59,12.71528912,19.68100357,4.648767471,4.279257774,,4.648767471,4.279257774
14:52:00,12.69494629,19.79283142,4.674208164,4.355504036,,4.674208164,4.355504036
14:52:01,12.68477535,19.7369175,4.536829472,4.401251793,,4.536829472,4.401251793
14:52:02,12.70003223,19.71658516,4.562270164,4.253842354,,4.562270164,4.253842354
14:52:03,12.70511818,19.82332993,4.597886562,4.319922447,,4.597886562,4.319922447
14:52:04,12.70003223,19.81824684,4.541917801,4.289423943,,4.541917801,4.289423943
14:52:05,12.65934753,19.63017273,4.491036892,4.314839363,,4.491036892,4.314839363
14:52:06,12.67968941,19.53359413,4.394362926,4.289423943,,4.394362926,4.289423943
14:52:07,12.68477535,19.63525581,4.424891472,4.309756279,,4.424891472,4.309756279
14:52:08,12.71020317,19.74200058,4.409627438,4.380919456,,4.409627438,4.380919456
14:52:09,12.71020317,19.83349609,4.358746529,4.24875927,,4.358746529,4.24875927
14:52:10,12.71528912,19.87924385,4.353658199,4.269091606,,4.353658199,4.269091606
14:52:11,12.72546005,19.94532394,4.374010563,4.309756279,,4.374010563,4.309756279
14:52:12,12.71528912,19.95040703,4.348570347,4.284340858,,4.348570347,4.284340858
14:52:13,12.72546005,19.98598862,4.440155983,4.325005531,,4.440155983,4.325005531
14:52:14,12.71020317,19.98598862,4.48086071,4.258925438,,4.48086071,4.258925438
14:52:15,12.69494629,19.98598862,4.424891472,4.3351717,,4.424891472,4.3351717
14:52:16,12.70511818,19.98090553,4.36892271,4.223343849,,4.36892271,4.223343849
14:52:17,12.70003223,19.98598862,4.358746529,4.314839363,,4.358746529,4.314839363
14:52:18,12.70511818,19.98090553,4.465596199,4.27417469,,4.465596199,4.27417469
14:52:19,12.71020317,19.98598862,4.455420017,4.304673195,,4.455420017,4.304673195
14:52:20,12.69494629,19.98598862,4.424891472,4.243676186,,4.424891472,4.243676186
14:52:21,12.6898613,19.9910717,4.36892271,4.325005531,,4.36892271,4.325005531
14:52:22,12.67460442,19.97582245,4.460508347,4.233510017,,4.460508347,4.233510017
14:52:23,12.66443348,19.98598862,4.455420017,4.325005531,,4.455420017,4.325005531
14:52:24,12.65426159,19.98598862,4.501213074,4.228426933,,4.501213074,4.228426933
14:52:25,12.67460442,19.98598862,4.384186745,4.340254784,,4.384186745,4.340254784
14:52:26,12.67460442,19.98598862,4.348570347,4.24875927,,4.348570347,4.24875927
14:52:27,12.65426159,19.98598862,4.343482018,4.258925438,,4.343482018,4.258925438
14:52:28,12.66443348,19.90465927,4.409627438,4.289423943,,4.409627438,4.289423943
14:52:29,12.64409065,19.88941002,4.297689438,4.233510017,,4.297689438,4.233510017
14:52:30,12.65934753,19.83857918,4.333305836,4.294507027,,4.333305836,4.294507027
14:52:31,12.6491766,19.75724983,4.348570347,4.208094597,,4.348570347,4.208094597
14:52:32,12.66443348,19.767416,4.287513256,4.319922447,,4.287513256,4.319922447
14:52:33,12.65934753,19.81824684,4.246808529,4.208094597,,4.246808529,4.208094597
14:52:34,12.65934753,19.82841301,4.338394165,4.3351717,,4.338394165,4.3351717
14:52:35,12.65934753,19.80808067,4.318041801,4.218260765,,4.318041801,4.218260765
14:52:36,12.65934753,19.70641899,4.236632347,4.345337868,,4.236632347,4.345337868
14:52:37,12.6491766,19.71658516,4.328217983,4.319922447,,4.328217983,4.319922447
14:52:38,12.65426159,19.79791451,4.236632347,4.192845345,,4.236632347,4.192845345
14:52:39,12.65426159,19.85382843,4.216279984,4.294507027,,4.216279984,4.294507027
14:52:40,12.65426159,19.9605732,4.30277729,4.213177681,,4.30277729,4.213177681
14:52:41,12.65426159,19.98090553,4.256984711,4.365670204,,4.256984711,4.365670204
14:52:42,12.64409065,19.88432693,4.201015472,4.233510017,,4.201015472,4.233510017
14:52:43,12.64409065,19.90974236,4.323129654,4.253842354,,4.323129654,4.253842354
14:52:44,12.66951847,19.93007469,4.246808529,4.289423943,,4.246808529,4.289423943
14:52:45,12.65426159,19.91990852,4.292601109,4.253842354,,4.292601109,4.253842354
14:52:46,12.65934753,19.94024086,4.251896381,4.208094597,,4.251896381,4.208094597
14:52:47,12.6491766,19.92499161,4.226456165,4.208094597,,4.226456165,4.208094597
14:52:48,12.65426159,19.95040703,4.256984711,4.27417469,,4.256984711,4.27417469
14:52:49,12.66443348,19.98598862,4.201015472,4.228426933,,4.201015472,4.228426933
14:52:50,12.63391972,19.90974236,4.267160892,4.319922447,,4.267160892,4.319922447
14:52:51,12.63900471,19.90974236,4.236632347,4.279257774,,4.236632347,4.279257774
14:52:52,12.63900471,19.81316376,4.175575256,4.213177681,,4.175575256,4.213177681
14:52:53,12.64409065,19.81316376,4.262072563,4.197928429,,4.262072563,4.197928429
14:52:54,12.63900471,19.97073936,4.2417202,4.269091606,,4.2417202,4.269091606
14:52:55,12.63900471,19.98598862,4.155222893,4.233510017,,4.155222893,4.233510017
14:52:56,12.6491766,19.98598862,4.165399075,4.340254784,,4.165399075,4.340254784
14:52:57,12.63391972,19.98090553,4.165399075,4.24875927,,4.165399075,4.24875927
14:52:58,12.63900471,19.98598862,4.190839291,4.309756279,,4.190839291,4.309756279
14:52:59,12.64409065,19.98090553,4.216279984,4.203011513,,4.216279984,4.203011513
14:53:00,12.63391972,19.95040703,4.272248745,4.284340858,,4.272248745,4.284340858
14:53:01,12.63900471,19.92499161,4.201015472,4.340254784,,4.201015472,4.340254784
14:53:02,12.62374878,19.85891151,4.155222893,4.223343849,,4.155222893,4.223343849
14:53:03,12.63391972,19.89957619,4.155222893,4.27417469,,4.155222893,4.27417469
14:53:04,12.64409065,19.98598862,4.165399075,4.24875927,,4.165399075,4.24875927
14:53:05,12.63900471,19.98090553,4.165399075,4.167429924,,4.165399075,4.167429924
14:53:06,12.63391972,19.98598862,4.190839291,4.197928429,,4.190839291,4.197928429
14:53:07,12.62374878,19.98598862,4.236632347,4.223343849,,4.236632347,4.223343849
14:53:08,12.63391972,19.98598862,4.175575256,4.228426933,,4.175575256,4.228426933
14:53:09,12.62883377,19.98090553,4.119606018,4.24875927,,4.119606018,4.24875927
14:53:10,12.63900471,19.98090553,4.165399075,4.258925438,,4.165399075,4.258925438
14:53:11,12.64409065,19.98598862,4.211191654,4.24875927,,4.211191654,4.24875927
14:53:12,12.63900471,19.90465927,4.1297822,4.203011513,,4.1297822,4.203011513
14:53:13,12.63900471,19.78266525,4.180663109,4.304673195,,4.180663109,4.304673195
14:53:14,12.62883377,19.72166824,4.185751438,4.289423943,,4.185751438,4.289423943
14:53:15,12.64409065,19.73183441,4.221367836,4.213177681,,4.221367836,4.213177681
14:53:16,12.62883377,19.80808067,4.114518166,4.24875927,,4.114518166,4.24875927
14:53:17,12.63391972,19.82841301,4.155222893,4.264008522,,4.155222893,4.264008522
14:53:18,12.63900471,19.78266525,4.165399075,4.269091606,,4.165399075,4.269091606
14:53:19,12.62374878,19.85382843,4.292601109,4.18776226,,4.292601109,4.18776226
14:53:20,12.63391972,19.98090553,4.109429836,4.24875927,,4.109429836,4.24875927
14:53:21,12.64409065,19.98090553,4.175575256,4.24875927,,4.175575256,4.24875927
14:53:22,12.64409065,19.98598862,4.175575256,4.238593102,,4.175575256,4.238593102
14:53:23,12.64409065,19.79791451,4.139958382,4.269091606,,4.139958382,4.269091606
14:53:24,12.65934753,19.62000656,4.109429836,4.213177681,,4.109429836,4.213177681
14:53:25,12.64409065,19.55392647,4.206103802,4.228426933,,4.206103802,4.228426933
14:53:26,12.64409065,19.59459114,4.221367836,4.197928429,,4.221367836,4.197928429
14:53:27,12.63900471,19.66067123,4.180663109,4.238593102,,4.180663109,4.238593102
14:53:28,12.63900471,19.84366226,4.251896381,4.197928429,,4.251896381,4.197928429
14:53:29,12.64409065,19.98598862,4.124694347,4.203011513,,4.124694347,4.203011513
14:53:30,12.64409065,19.98090553,4.089077473,4.258925438,,4.089077473,4.258925438
14:53:31,12.70003223,19.98598862,4.119606018,4.192845345,,4.119606018,4.192845345
14:53:32,12.730546,19.85891151,4.114518166,4.269091606,,4.114518166,4.269091606
14:53:33,12.74071693,19.65050507,4.221367836,4.177596092,,4.221367836,4.177596092
14:53:34,12.74071693,19.62000656,4.226456165,4.208094597,,4.226456165,4.208094597
14:53:35,12.75597382,19.57934189,4.206103802,4.279257774,,4.206103802,4.279257774
14:53:36,12.72546005,19.52851105,4.236632347,4.223343849,,4.236632347,4.223343849
14:53:37,12.75088787,19.47259712,4.262072563,4.172513008,,4.262072563,4.172513008
14:53:38,12.76614475,19.54884338,4.297689438,4.279257774,,4.297689438,4.279257774
14:53:39,12.74071693,19.61492348,4.30786562,4.172513008,,4.30786562,4.172513008
14:53:40,12.73563099,19.63525581,4.30277729,4.197928429,,4.30277729,4.197928429
14:53:41,12.71528912,19.58442497,4.333305836,4.284340858,,4.333305836,4.284340858
14:53:42,12.79157257,19.5132618,4.318041801,4.172513008,,4.318041801,4.172513008
14:53:43,12.90854168,19.45734787,4.251896381,4.208094597,,4.251896381,4.208094597
14:53:44,12.87294197,19.50817871,4.251896381,4.203011513,,4.251896381,4.203011513
14:53:45,12.78648758,19.66067123,4.30277729,4.223343849,,4.30277729,4.223343849
14:53:46,12.75088787,19.79283142,4.36892271,4.233510017,,4.36892271,4.233510017
14:53:47,12.80174351,19.86907768,4.394362926,4.228426933,,4.394362926,4.228426933
14:53:48,12.8526001,19.84874535,4.358746529,4.223343849,,4.358746529,4.223343849
14:53:49,12.88819885,19.91990852,4.394362926,4.203011513,,4.394362926,4.203011513
14:53:50,12.91362667,19.88432693,4.460508347,4.264008522,,4.460508347,4.264008522
14:53:51,12.91362667,19.78266525,4.358746529,4.340254784,,4.358746529,4.340254784
14:53:52,12.90854168,19.80808067,4.440155983,4.208094597,,4.440155983,4.208094597
14:53:53,12.90854168,19.8639946,4.41471529,4.27417469,,4.41471529,4.27417469
14:53:54,12.90345573,19.95040703,4.531741619,4.228426933,,4.531741619,4.228426933
14:53:55,12.86277103,19.93007469,4.536829472,4.203011513,,4.536829472,4.203011513
14:53:56,12.88311291,19.85382843,4.63859129,4.299590111,,4.63859129,4.299590111
14:53:57,12.87802792,19.93007469,4.562270164,4.208094597,,4.562270164,4.208094597
14:53:58,12.85768509,19.9910717,4.597886562,4.223343849,,4.597886562,4.223343849
14:53:59,12.84242821,19.98598862,4.562270164,4.294507027,,4.562270164,4.294507027
14:54:00,12.80174351,19.98090553,4.562270164,4.253842354,,4.562270164,4.253842354
14:54:01,12.82208633,19.97073936,4.562270164,4.264008522,,4.562270164,4.264008522
14:54:02,12.84751415,19.97582245,4.602974892,4.213177681,,4.602974892,4.213177681
14:54:03,12.83734322,19.95040703,4.531741619,4.203011513,,4.531741619,4.203011513
14:54:04,12.83734322,19.98598862,4.531741619,4.228426933,,4.531741619,4.228426933
14:54:05,12.79665852,19.98090553,4.557181835,4.18776226,,4.557181835,4.18776226
14:54:06,12.75597382,19.9605732,4.577534199,4.238593102,,4.577534199,4.238593102
14:54:07,12.76614475,19.91990852,4.602974892,4.238593102,,4.602974892,4.238593102
14:54:08,12.72546005,19.81824684,4.511389256,4.340254784,,4.511389256,4.340254784
14:54:09,12.730546,19.74200058,4.470684528,4.319922447,,4.470684528,4.319922447
14:54:10,12.74071693,19.70133591,4.460508347,4.258925438,,4.460508347,4.258925438
14:54:11,12.76105881,19.74200058,4.409627438,4.208094597,,4.409627438,4.208094597
14:54:12,12.77631569,19.82332993,4.455420017,4.27417469,,4.455420017,4.27417469
14:54:13,12.79665852,19.97582245,4.440155983,4.314839363,,4.440155983,4.314839363
14:54:14,12.77631569,19.93007469,4.455420017,4.233510017,,4.455420017,4.233510017
14:54:15,12.74071693,19.88432693,4.465596199,4.309756279,,4.465596199,4.309756279
14:54:16,12.70003223,19.82841301,4.501213074,4.258925438,,4.501213074,4.258925438
14:54:17,12.70003223,19.79283142,4.445243835,4.289423943,,4.445243835,4.289423943
14:54:18,12.70003223,19.6708374,4.460508347,4.213177681,,4.460508347,4.213177681
14:54:19,12.76105881,19.70133591,4.424891472,4.264008522,,4.424891472,4.264008522
14:54:20,12.75597382,19.82841301,4.36892271,4.238593102,,4.36892271,4.238593102
14:54:21,12.74580288,19.85382843,4.348570347,4.238593102,,4.348570347,4.238593102
14:54:22,12.6898613,19.78266525,4.358746529,4.294507027,,4.358746529,4.294507027
14:54:23,12.70003223,19.77758217,4.384186745,4.309756279,,4.384186745,4.309756279
14:54:24,12.68477535,19.8639946,4.394362926,4.223343849,,4.394362926,4.223343849
14:54:25,12.67968941,19.90465927,4.338394165,4.218260765,,4.338394165,4.218260765
14:54:26,12.67968941,19.88941002,4.348570347,4.243676186,,4.348570347,4.243676186
14:54:27,12.68477535,19.90465927,4.384186745,4.330088615,,4.384186745,4.330088615
14:54:28,12.67968941,19.93007469,4.287513256,4.208094597,,4.287513256,4.208094597
14:54:29,12.6898613,19.92499161,4.30277729,4.218260765,,4.30277729,4.218260765
14:54:30,12.68477535,19.9605732,4.236632347,4.192845345,,4.236632347,4.192845345
14:54:31,12.68477535,19.98598862,4.318041801,4.218260765,,4.318041801,4.218260765
14:54:32,12.66443348,19.98090553,4.272248745,4.223343849,,4.272248745,4.223343849
14:54:33,12.67968941,19.98598862,4.251896381,4.192845345,,4.251896381,4.192845345
14:54:34,12.65934753,19.98598862,4.338394165,4.213177681,,4.338394165,4.213177681
14:54:35,12.66443348,19.98090553,4.292601109,4.228426933,,4.292601109,4.228426933
14:54:36,12.65934753,19.98090553,4.226456165,4.213177681,,4.226456165,4.213177681
14:54:37,12.66951847,19.98090553,4.36892271,4.213177681,,4.36892271,4.213177681
14:54:38,12.66443348,19.98598862,4.206103802,4.208094597,,4.206103802,4.208094597
14:54:39,12.6898613,19.98598862,4.277337074,4.238593102,,4.277337074,4.238593102
14:54:40,12.70003223,19.98598862,4.277337074,4.27417469,,4.277337074,4.27417469
14:54:41,12.65426159,19.93007469,4.180663109,4.253842354,,4.180663109,4.253842354
14:54:42,12.64409065,19.82332993,4.272248745,4.182679176,,4.272248745,4.182679176
14:54:43,12.65426159,19.85891151,4.262072563,4.203011513,,4.262072563,4.203011513
14:54:44,12.66951847,19.95040703,4.251896381,4.253842354,,4.251896381,4.253842354
14:54:45,12.66443348,19.9910717,4.170486927,4.304673195,,4.170486927,4.304673195
14:54:46,12.66951847,19.98090553,4.262072563,4.269091606,,4.262072563,4.269091606
14:54:47,12.65934753,19.98090553,4.262072563,4.18776226,,4.262072563,4.18776226
14:54:48,12.65934753,19.98598862,4.277337074,4.24875927,,4.277337074,4.24875927
14:54:49,12.64409065,19.98090553,4.190839291,4.253842354,,4.190839291,4.253842354
14:54:50,12.64409065,19.98598862,4.292601109,4.18776226,,4.292601109,4.18776226
14:54:51,12.63391972,19.98598862,4.297689438,4.264008522,,4.297689438,4.264008522
14:54:52,12.63900471,19.98598862,4.236632347,4.18776226,,4.236632347,4.18776226
14:54:53,12.6491766,19.98598862,4.180663109,4.203011513,,4.180663109,4.203011513
14:54:54,12.62883377,19.98090553,4.155222893,4.157263756,,4.155222893,4.157263756
14:54:55,12.63391972,19.98598862,4.180663109,4.279257774,,4.180663109,4.279257774
14:54:56,12.62883377,19.98090553,4.262072563,4.314839363,,4.262072563,4.314839363
14:54:57,12.61866283,19.97582245,4.246808529,4.192845345,,4.246808529,4.192845345
14:54:58,12.62374878,19.98090553,4.201015472,4.172513008,,4.201015472,4.172513008
14:54:59,12.6491766,19.98598862,4.1297822,4.253842354,,4.1297822,4.253842354
14:55:00,12.62374878,19.98598862,4.104341984,4.213177681,,4.104341984,4.213177681
14:55:01,12.62883377,19.98598862,4.099253654,4.218260765,,4.099253654,4.218260765
14:55:02,12.64409065,19.98090553,4.1297822,4.253842354,,4.1297822,4.253842354
14:55:03,12.65934753,19.98598862,4.150134563,4.258925438,,4.150134563,4.258925438
14:55:04,12.66951847,19.98090553,4.160310745,4.330088615,,4.160310745,4.330088615
14:55:05,12.68477535,19.98598862,4.30786562,4.213177681,,4.30786562,4.213177681
14:55:06,12.69494629,19.98598862,4.251896381,4.18776226,,4.251896381,4.18776226
14:55:07,12.69494629,19.98090553,4.201015472,4.18776226,,4.201015472,4.18776226
14:55:08,12.71528912,19.98090553,4.150134563,4.177596092,,4.150134563,4.177596092
14:55:09,12.74580288,19.98598862,4.175575256,4.269091606,,4.175575256,4.269091606
14:55:10,12.76614475,19.98598862,4.246808529,4.24875927,,4.246808529,4.24875927
14:55:11,12.74071693,19.98090553,4.30277729,4.24875927,,4.30277729,4.24875927
14:55:12,12.73563099,19.98090553,4.251896381,4.233510017,,4.251896381,4.233510017
14:55:13,12.75088787,19.98090553,4.389275074,4.228426933,,4.389275074,4.228426933
14:55:14,12.78140163,19.98598862,4.36892271,4.238593102,,4.36892271,4.238593102
14:55:15,12.80174351,19.98598862,4.338394165,4.213177681,,4.338394165,4.213177681
14:55:16,12.78648758,19.98090553,4.440155983,4.253842354,,4.440155983,4.253842354
14:55:17,12.78648758,19.98090553,4.389275074,4.314839363,,4.389275074,4.314839363
14:55:18,12.87802792,19.98598862,4.475772381,4.223343849,,4.475772381,4.223343849
14:55:19,12.87802792,19.98598862,4.440155983,4.213177681,,4.440155983,4.213177681
14:55:20,12.89836979,19.98090553,4.552093983,4.24875927,,4.552093983,4.24875927
14:55:21,12.87802792,19.98598862,4.628415108,4.208094597,,4.628415108,4.208094597
14:55:22,12.88311291,19.97582245,4.567358017,4.269091606,,4.567358017,4.269091606
14:55:23,12.93905449,19.98598862,4.684384346,4.253842354,,4.684384346,4.253842354
14:55:24,12.96956825,19.9910717,4.786146164,4.264008522,,4.786146164,4.264008522
14:55:25,12.95939732,19.98090553,4.826850891,4.233510017,,4.826850891,4.233510017
14:55:26,12.92379761,19.98598862,4.867555618,4.218260765,,4.867555618,4.218260765
14:55:27,12.96448231,19.98090553,4.938788891,4.223343849,,4.938788891,4.223343849
14:55:28,12.92888355,19.98598862,4.943876743,4.223343849,,4.943876743,4.223343849
14:55:29,12.93905449,19.9910717,4.948965073,4.289423943,,4.948965073,4.289423943
14:55:30,12.96448231,19.98598862,5.020198345,4.284340858,,5.020198345,4.284340858
14:55:31,12.94922638,19.98090553,5.081255436,4.208094597,,5.081255436,4.208094597
14:55:32,12.90854168,19.98090553,5.116871834,4.27417469,,5.116871834,4.27417469
14:55:33,12.94922638,19.98598862,5.16266489,4.24875927,,5.16266489,4.24875927
14:55:34,12.98991108,19.98598862,5.213545799,4.314839363,,5.213545799,4.314839363
14:55:35,13.03059578,19.9605732,5.152488708,4.380919456,,5.152488708,4.380919456
14:55:36,13.02550983,19.93515778,5.127048016,4.279257774,,5.127048016,4.279257774
14:55:37,12.99499607,19.98598862,5.16266489,4.284340858,,5.16266489,4.284340858
14:55:38,12.9746542,19.98598862,5.218633652,4.319922447,,5.218633652,4.319922447
14:55:39,12.97973919,19.98090553,5.289866924,4.269091606,,5.289866924,4.269091606
14:55:40,12.97973919,19.94024086,5.361100197,4.350420952,,5.361100197,4.350420952
14:55:41,13.01025295,19.90465927,5.315307617,4.304673195,,5.315307617,4.304673195
14:55:42,12.97973919,19.85382843,5.391628742,4.299590111,,5.391628742,4.299590111
14:55:43,12.96956825,19.84874535,5.356012344,4.340254784,,5.356012344,4.340254784
14:55:44,12.94922638,19.8944931,5.350924015,4.27417469,,5.350924015,4.27417469
14:55:45,12.94922638,19.94532394,5.396717072,4.401251793,,5.396717072,4.401251793
14:55:46,12.96956825,19.9910717,5.462862015,4.345337868,,5.462862015,4.345337868
14:55:47,12.9339695,19.95549011,5.366188526,4.340254784,,5.366188526,4.340254784
14:55:48,12.91362667,19.93007469,5.417069435,4.345337868,,5.417069435,4.345337868
14:55:49,12.8932848,19.94024086,5.345836163,4.304673195,,5.345836163,4.304673195
14:55:50,12.94414043,19.97073936,5.361100197,4.294507027,,5.361100197,4.294507027
14:55:51,12.94414043,19.98090553,5.335659981,4.289423943,,5.335659981,4.289423943
14:55:52,12.94922638,19.98598862,5.269514561,4.36058712,,5.269514561,4.36058712
14:55:53,12.96448231,19.98598862,5.366188526,4.309756279,,5.366188526,4.309756279
14:55:54,13.00516701,19.98090553,5.284779072,4.330088615,,5.284779072,4.330088615
14:55:55,13.01025295,19.98598862,5.264426708,4.3351717,,5.264426708,4.3351717
14:55:56,12.9746542,19.98598862,5.340747833,4.269091606,,5.340747833,4.269091606
14:55:57,12.94414043,19.98598862,5.289866924,4.294507027,,5.289866924,4.294507027
14:55:58,12.97973919,19.98090553,5.315307617,4.350420952,,5.315307617,4.350420952
14:55:59,12.94922638,19.98598862,5.305131435,4.375836372,,5.305131435,4.375836372
14:56:00,12.96448231,19.98090553,5.310219288,4.294507027,,5.310219288,4.294507027
14:56:01,12.94414043,19.98598862,5.350924015,4.365670204,,5.350924015,4.365670204
14:56:02,12.94922638,19.98090553,5.376364708,4.370753288,,5.376364708,4.370753288
14:56:03,12.92888355,19.9910717,5.391628742,4.319922447,,5.391628742,4.319922447
14:56:04,12.9339695,19.98598862,5.38145256,4.3351717,,5.38145256,4.3351717
14:56:05,12.91871262,19.97582245,5.32039547,4.380919456,,5.32039547,4.380919456
14:56:06,12.92379761,19.92499161,5.289866924,4.314839363,,5.289866924,4.314839363
14:56:07,12.93905449,19.98598862,5.305131435,4.386002541,,5.305131435,4.386002541
14:56:08,12.91871262,19.98598862,5.259338379,4.299590111,,5.259338379,4.299590111
14:56:09,12.87802792,19.86907768,5.32039547,4.325005531,,5.32039547,4.325005531
14:56:10,12.88311291,19.81824684,5.366188526,4.27417469,,5.366188526,4.27417469
14:56:11,12.88819885,19.83857918,5.376364708,4.340254784,,5.376364708,4.340254784
14:56:12,12.86785698,19.83857918,5.32039547,4.355504036,,5.32039547,4.355504036
14:56:13,12.86277103,19.84366226,5.233898163,4.330088615,,5.233898163,4.330088615
14:56:14,12.82717228,19.80808067,5.218633652,4.3351717,,5.218633652,4.3351717
14:56:15,12.8526001,19.79283142,5.249162197,4.396168709,,5.249162197,4.396168709
14:56:16,12.86277103,19.79283142,5.233898163,4.284340858,,5.233898163,4.284340858
14:56:17,12.86277103,19.78774834,5.203369617,4.309756279,,5.203369617,4.309756279
14:56:18,12.85768509,19.75724983,5.142312527,4.3351717,,5.142312527,4.3351717
14:56:19,12.87294197,19.767416,5.055814743,4.264008522,,5.055814743,4.264008522
14:56:20,12.84751415,19.767416,5.116871834,4.340254784,,5.116871834,4.340254784
14:56:21,12.84751415,19.75724983,5.132136345,4.350420952,,5.132136345,4.350420952
14:56:22,12.86785698,19.87416077,5.065990925,4.264008522,,5.065990925,4.264008522
14:56:23,12.87802792,19.96565628,5.055814743,4.36058712,,5.055814743,4.36058712
14:56:24,12.85768509,19.93007469,5.142312527,4.269091606,,5.142312527,4.269091606
14:56:25,12.8526001,19.97582245,5.071079254,4.289423943,,5.071079254,4.289423943
14:56:26,12.87294197,19.98598862,5.060903072,4.370753288,,5.060903072,4.370753288
14:56:27,12.8526001,19.98090553,5.1016078,4.243676186,,5.1016078,4.243676186
14:56:28,12.84751415,19.98090553,5.137224197,4.370753288,,5.137224197,4.370753288
14:56:29,12.87294197,19.98598862,5.025286198,4.345337868,,5.025286198,4.345337868
14:56:30,12.88819885,19.98598862,5.081255436,4.253842354,,5.081255436,4.253842354
14:56:31,12.88311291,19.97582245,5.1016078,4.299590111,,5.1016078,4.299590111
14:56:32,12.88311291,19.98598862,5.071079254,4.284340858,,5.071079254,4.284340858
14:56:33,12.8526001,19.98598862,5.015110016,4.355504036,,5.015110016,4.355504036
14:56:34,12.87802792,19.98090553,5.127048016,4.350420952,,5.127048016,4.350420952
14:56:35,12.87294197,19.98598862,5.106695652,4.304673195,,5.106695652,4.304673195
14:56:36,12.87802792,19.98598862,5.015110016,4.309756279,,5.015110016,4.309756279
14:56:37,12.87294197,19.98598862,5.106695652,4.258925438,,5.106695652,4.258925438
14:56:38,12.87802792,19.98598862,5.09651947,4.299590111,,5.09651947,4.299590111
14:56:39,12.86785698,19.98598862,5.071079254,4.299590111,,5.071079254,4.299590111
14:56:40,12.87802792,19.9910717,5.121960163,4.314839363,,5.121960163,4.314839363
14:56:41,12.8932848,19.9910717,5.040550709,4.365670204,,5.040550709,4.365670204
14:56:42,12.91871262,19.98598862,5.132136345,4.269091606,,5.132136345,4.269091606
14:56:43,12.87294197,19.98598862,5.081255436,4.345337868,,5.081255436,4.345337868
14:56:44,12.86277103,19.98598862,5.060903072,4.253842354,,5.060903072,4.253842354
14:56:45,12.83225727,19.98090553,5.091431618,4.264008522,,5.091431618,4.264008522
14:56:46,12.82208633,19.98598862,5.060903072,4.345337868,,5.060903072,4.345337868
14:56:47,12.83734322,19.98598862,5.142312527,4.269091606,,5.142312527,4.269091606
14:56:48,12.80682945,19.9910717,5.025286198,4.406334877,,5.025286198,4.406334877
14:56:49,12.730546,19.97073936,5.1016078,4.3351717,,5.1016078,4.3351717
14:56:50,12.72546005,19.97582245,4.999845982,4.253842354,,4.999845982,4.253842354
14:56:51,12.77631569,19.98090553,5.020198345,4.309756279,,5.020198345,4.309756279
14:56:52,12.73563099,19.98598862,4.964229107,4.258925438,,4.964229107,4.258925438
14:56:53,12.67460442,19.98090553,4.887907982,4.289423943,,4.887907982,4.289423943
14:56:54,12.65426159,19.98598862,4.852291107,4.314839363,,4.852291107,4.314839363
14:56:55,12.65426159,19.98598862,4.791234016,4.269091606,,4.791234016,4.269091606
14:56:56,12.67460442,19.98598862,4.679296017,4.340254784,,4.679296017,4.340254784
14:56:57,12.68477535,19.98090553,4.613151073,4.304673195,,4.613151073,4.304673195
14:56:58,12.65426159,19.98598862,4.582622528,4.223343849,,4.582622528,4.223343849
14:56:59,12.65426159,19.98598862,4.618238926,4.299590111,,4.618238926,4.299590111
14:57:00,12.65934753,19.98090553,4.613151073,4.340254784,,4.613151073,4.340254784
14:57:01,12.6491766,19.98090553,4.496124744,4.309756279,,4.496124744,4.309756279
14:57:02,12.65934753,19.98598862,4.440155983,4.208094597,,4.440155983,4.208094597
14:57:03,12.6491766,19.98598862,4.379098892,4.264008522,,4.379098892,4.264008522
14:57:04,12.6491766,19.75724983,4.394362926,4.294507027,,4.394362926,4.294507027
14:57:05,12.66443348,19.7369175,4.460508347,4.243676186,,4.460508347,4.243676186
14:57:06,12.66443348,19.73183441,4.419803619,4.258925438,,4.419803619,4.258925438
14:57:07,12.6491766,19.71150208,4.353658199,4.289423943,,4.353658199,4.289423943
14:57:08,12.66951847,19.64542198,4.353658199,4.233510017,,4.353658199,4.233510017
14:57:09,12.65934753,19.75724983,4.36892271,4.208094597,,4.36892271,4.208094597
14:57:10,12.66443348,19.82841301,4.455420017,4.264008522,,4.455420017,4.264008522
14:57:11,12.66443348,19.73183441,4.267160892,4.264008522,,4.267160892,4.264008522
14:57:12,12.65934753,19.68608665,4.348570347,4.147097588,,4.348570347,4.147097588
14:57:13,12.66443348,19.74200058,4.333305836,4.203011513,,4.333305836,4.203011513
14:57:14,12.66443348,19.78774834,4.267160892,4.197928429,,4.267160892,4.197928429
14:57:15,12.65426159,19.7369175,4.323129654,4.253842354,,4.323129654,4.253842354
14:57:16,12.66951847,19.78266525,4.262072563,4.27417469,,4.262072563,4.27417469
14:57:17,12.66443348,19.81316376,4.267160892,4.264008522,,4.267160892,4.264008522
14:57:18,12.65426159,19.76233292,4.348570347,4.27417469,,4.348570347,4.27417469
14:57:19,12.67968941,19.71658516,4.256984711,4.238593102,,4.256984711,4.238593102
14:57:20,12.67968941,19.71658516,4.282424927,4.177596092,,4.282424927,4.177596092
14:57:21,12.67460442,19.82841301,4.312953472,4.192845345,,4.312953472,4.192845345
14:57:22,12.69494629,19.97073936,4.262072563,4.208094597,,4.262072563,4.208094597
14:57:23,12.6898613,19.97582245,4.343482018,4.309756279,,4.343482018,4.309756279
14:57:24,12.6898613,19.98090553,4.236632347,4.309756279,,4.236632347,4.309756279
14:57:25,12.67968941,19.88941002,4.277337074,4.218260765,,4.277337074,4.218260765
14:57:26,12.64409065,19.70641899,4.277337074,4.182679176,,4.277337074,4.182679176
14:57:27,12.65426159,19.62000656,4.440155983,4.218260765,,4.440155983,4.218260765
14:57:28,12.66951847,19.81316376,4.348570347,4.325005531,,4.348570347,4.325005531
14:57:29,12.65426159,19.78774834,4.358746529,4.192845345,,4.358746529,4.192845345
14:57:30,12.66951847,19.88941002,4.292601109,4.172513008,,4.292601109,4.172513008
14:57:31,12.67460442,19.98598862,4.226456165,4.167429924,,4.226456165,4.167429924
14:57:32,12.65934753,19.98598862,4.246808529,4.172513008,,4.246808529,4.172513008
14:57:33,12.65426159,19.98598862,4.267160892,4.203011513,,4.267160892,4.203011513
14:57:34,12.67968941,19.98598862,4.277337074,4.167429924,,4.277337074,4.167429924
14:57:35,12.6898613,19.98598862,4.282424927,4.182679176,,4.282424927,4.182679176
14:57:36,12.66951847,19.98090553,4.328217983,4.18776226,,4.328217983,4.18776226
14:57:37,12.67460442,19.98598862,4.328217983,4.172513008,,4.328217983,4.172513008
14:57:38,12.66443348,19.9910717,4.277337074,4.172513008,,4.277337074,4.172513008
14:57:39,12.65426159,19.98598862,4.292601109,4.147097588,,4.292601109,4.147097588
14:57:40,12.65426159,19.84366226,4.272248745,4.157263756,,4.272248745,4.157263756
14:57:41,12.6491766,19.84366226,4.277337074,4.213177681,,4.277337074,4.213177681
14:57:42,12.65426159,19.79791451,4.30786562,4.24875927,,4.30786562,4.24875927
14:57:43,12.63391972,19.7369175,4.272248745,4.243676186,,4.272248745,4.243676186
14:57:44,12.63900471,19.78266525,4.211191654,4.24875927,,4.211191654,4.24875927
14:57:45,12.64409065,19.86907768,4.267160892,4.208094597,,4.267160892,4.208094597
14:57:46,12.64409065,19.92499161,4.297689438,4.172513008,,4.297689438,4.172513008
14:57:47,12.6491766,19.94532394,4.226456165,4.223343849,,4.226456165,4.223343849
14:57:48,12.6898613,19.97582245,4.216279984,4.258925438,,4.216279984,4.258925438
14:57:49,12.69494629,19.98090553,4.206103802,4.147097588,,4.206103802,4.147097588
14:57:50,12.78648758,19.98598862,4.251896381,4.16234684,,4.251896381,4.16234684
14:57:51,12.74580288,19.98090553,4.226456165,4.233510017,,4.226456165,4.233510017
14:57:52,12.64409065,19.79791451,4.206103802,4.228426933,,4.206103802,4.228426933
14:57:53,12.63391972,19.68100357,4.277337074,4.18776226,,4.277337074,4.18776226
14:57:54,12.6491766,19.67592049,4.262072563,4.258925438,,4.262072563,4.258925438
14:57:55,12.65934753,19.6708374,4.379098892,4.172513008,,4.379098892,4.172513008
14:57:56,12.65426159,19.58950806,4.236632347,4.233510017,,4.236632347,4.233510017
14:57:57,12.62883377,19.47259712,4.256984711,4.152180672,,4.256984711,4.152180672
14:57:58,12.64409065,19.39126778,4.2417202,4.213177681,,4.2417202,4.213177681
14:57:59,12.6491766,19.45734787,4.297689438,4.243676186,,4.297689438,4.243676186
14:58:00,12.63900471,19.30485535,4.211191654,4.16234684,,4.211191654,4.16234684
14:58:01,12.65426159,19.34043694,4.256984711,4.182679176,,4.256984711,4.182679176
14:58:02,12.64409065,19.48784637,4.160310745,4.131848335,,4.160310745,4.131848335
14:58:03,12.65934753,19.50817871,4.246808529,4.238593102,,4.246808529,4.238593102
14:58:04,12.62374878,19.48276329,4.160310745,4.18776226,,4.160310745,4.18776226
14:58:05,12.63900471,19.42176628,4.256984711,4.264008522,,4.256984711,4.264008522
14:58:06,12.63900471,19.47768021,4.165399075,4.167429924,,4.165399075,4.167429924
14:58:07,12.64409065,19.51834488,4.206103802,4.218260765,,4.206103802,4.218260765
14:58:08,12.63900471,19.5742588,4.165399075,4.167429924,,4.165399075,4.167429924
14:58:09,12.63391972,19.69625282,4.19592762,4.253842354,,4.19592762,4.253842354
14:58:10,12.64409065,19.78266525,4.139958382,4.152180672,,4.139958382,4.152180672
14:58:11,12.64409065,19.80808067,4.19592762,4.203011513,,4.19592762,4.203011513
14:58:12,12.63391972,19.69625282,4.114518166,4.294507027,,4.114518166,4.294507027
14:58:13,12.64409065,19.56917572,4.155222893,4.136931419,,4.155222893,4.136931419
14:58:14,12.6491766,19.66067123,4.190839291,4.258925438,,4.190839291,4.258925438
14:58:15,12.63900471,19.71658516,4.170486927,4.16234684,,4.170486927,4.16234684
14:58:16,12.62883377,19.767416,4.175575256,4.177596092,,4.175575256,4.177596092
14:58:17,12.66443348,19.74708366,4.104341984,4.16234684,,4.104341984,4.16234684
14:58:18,12.6491766,19.6403389,4.175575256,4.131848335,,4.175575256,4.131848335
14:58:19,12.63391972,19.55900955,4.114518166,4.228426933,,4.114518166,4.228426933
14:58:20,12.6491766,19.55900955,4.185751438,4.192845345,,4.185751438,4.192845345
14:58:21,12.63391972,19.64542198,4.190839291,4.223343849,,4.190839291,4.223343849
14:58:22,12.63900471,19.70133591,4.089077473,4.203011513,,4.089077473,4.203011513
14:58:23,12.6491766,19.60984039,4.216279984,4.18776226,,4.216279984,4.18776226
14:58:24,12.63900471,19.53867722,4.119606018,4.18776226,,4.119606018,4.18776226
14:58:25,12.64409065,19.66575432,4.246808529,4.238593102,,4.246808529,4.238593102
14:58:26,12.6491766,19.63017273,4.134870529,4.126765251,,4.134870529,4.126765251
14:58:27,12.65426159,19.41160011,4.145046711,4.223343849,,4.145046711,4.223343849
14:58:28,12.63391972,19.44209862,4.206103802,4.147097588,,4.206103802,4.147097588
14:58:29,12.6491766,19.53359413,4.206103802,4.177596092,,4.206103802,4.177596092
14:58:30,12.63900471,19.55900955,4.104341984,4.157263756,,4.104341984,4.157263756
14:58:31,12.63900471,19.60984039,4.119606018,4.264008522,,4.119606018,4.264008522
14:58:32,12.64409065,19.69625282,4.134870529,4.121682167,,4.134870529,4.121682167
14:58:33,12.6491766,19.67592049,4.089077473,4.147097588,,4.089077473,4.147097588
14:58:34,12.65426159,19.6403389,4.201015472,4.238593102,,4.201015472,4.238593102
14:58:35,12.65426159,19.64542198,4.109429836,4.152180672,,4.109429836,4.152180672
14:58:36,12.63391972,19.69116974,4.19592762,4.182679176,,4.19592762,4.182679176
14:58:37,12.64409065,19.6708374,4.094165802,4.223343849,,4.094165802,4.223343849
14:58:38,12.63900471,19.58950806,4.201015472,4.18776226,,4.201015472,4.18776226
14:58:39,12.64409065,19.66067123,4.139958382,4.192845345,,4.139958382,4.192845345
14:58:40,12.6491766,19.72166824,4.099253654,4.228426933,,4.099253654,4.228426933
14:58:41,12.64409065,19.74708366,4.134870529,4.136931419,,4.134870529,4.136931419
14:58:42,12.63900471,19.79283142,4.165399075,4.253842354,,4.165399075,4.253842354
14:58:43,12.63900471,19.83857918,4.099253654,4.157263756,,4.099253654,4.157263756
14:58:44,12.64409065,19.80299759,4.185751438,4.253842354,,4.185751438,4.253842354
14:58:45,12.64409065,19.80808067,4.099253654,4.228426933,,4.099253654,4.228426933
14:58:46,12.64409065,19.81824684,4.119606018,4.213177681,,4.119606018,4.213177681
14:58:47,12.6491766,19.88432693,4.094165802,4.131848335,,4.094165802,4.131848335
14:58:48,12.62883377,19.91482544,4.155222893,4.218260765,,4.155222893,4.218260765
14:58:49,12.64409065,19.83857918,4.231544018,4.182679176,,4.231544018,4.182679176
14:58:50,12.6491766,19.72675133,4.119606018,4.223343849,,4.119606018,4.223343849
14:58:51,12.65426159,19.72166824,4.089077473,4.203011513,,4.089077473,4.203011513
14:58:52,12.6491766,19.68100357,4.089077473,4.147097588,,4.089077473,4.147097588
14:58:53,12.65426159,19.57934189,4.160310745,4.16234684,,4.160310745,4.16234684
14:58:54,12.6491766,19.50817871,4.180663109,4.167429924,,4.180663109,4.167429924
14:58:55,12.70511818,19.45734787,4.19592762,4.192845345,,4.19592762,4.192845345
14:58:56,13.4628706,19.56917572,4.190839291,4.213177681,,4.190839291,4.213177681
14:58:57,13.80869007,19.66575432,4.231544018,4.152180672,,4.231544018,4.152180672
14:58:58,13.68663597,19.77249908,4.409627438,4.157263756,,4.409627438,4.157263756
14:58:59,13.12722111,19.77249908,4.796322346,4.218260765,,4.796322346,4.218260765
14:59:00,12.97973919,19.61492348,5.249162197,4.24875927,,5.249162197,4.24875927
14:59:01,13.05093765,19.57934189,5.635857105,4.218260765,,5.635857105,4.218260765
14:59:02,12.90854168,19.60475731,5.803764343,4.197928429,,5.803764343,4.197928429
14:59:03,12.75597382,19.63525581,5.864821434,4.192845345,,5.864821434,4.192845345
14:59:04,13.18824863,19.57934189,5.793588161,4.264008522,,5.793588161,4.264008522
14:59:05,13.51881218,19.45734787,5.666385651,4.309756279,,5.666385651,4.309756279
14:59:06,13.68155098,19.42176628,5.646033287,4.279257774,,5.646033287,4.279257774
14:59:07,13.56458187,19.52851105,5.773235798,4.284340858,,5.773235798,4.284340858
14:59:08,13.55949688,19.60475731,6.047992706,4.264008522,,6.047992706,4.264008522
14:59:09,13.48321247,19.63525581,6.256604195,4.253842354,,6.256604195,4.253842354
14:59:10,13.54424,19.66067123,6.556801796,4.264008522,,6.556801796,4.264008522
14:59:11,13.56458187,19.63525581,6.851911068,4.299590111,,6.851911068,4.299590111
14:59:12,13.65612221,19.60984039,7.019817829,4.319922447,,7.019817829,4.319922447
14:59:13,13.49846935,19.58442497,7.202989101,4.391085625,,7.202989101,4.391085625
14:59:14,13.38658619,19.56917572,7.32001543,4.441916466,,7.32001543,4.441916466
14:59:15,13.48321247,19.51834488,7.518450737,4.431750298,,7.518450737,4.431750298
14:59:16,13.69172192,19.50309563,7.533715248,4.391085625,,7.533715248,4.391085625
14:59:17,13.72223568,19.5132618,7.579507828,4.391085625,,7.579507828,4.391085625
14:59:18,13.75274849,19.5437603,7.625300884,4.401251793,,7.625300884,4.401251793
14:59:19,13.71714973,19.59967422,7.752502918,4.47241497,,7.752502918,4.47241497
14:59:20,13.71206379,19.62000656,7.910233974,4.543578148,,7.910233974,4.543578148
14:59:21,13.63578033,19.58442497,8.088316917,4.452082634,,8.088316917,4.452082634
14:59:22,13.67137909,19.5742588,8.261312485,4.502913475,,8.261312485,4.502913475
14:59:23,13.64086628,19.60475731,8.368162155,4.584242821,,8.368162155,4.584242821
14:59:24,13.62052345,19.74200058,8.37833786,4.502913475,,8.37833786,4.502913475
14:59:25,13.57983875,19.79283142,8.40377903,4.5588274,,8.40377903,4.5588274
14:59:26,13.63578033,19.85891151,8.505540848,4.553744316,,8.505540848,4.553744316
14:59:27,13.6662941,19.90974236,8.459747314,4.629990578,,8.459747314,4.629990578
14:59:28,13.70189285,19.98090553,8.37833786,4.574076653,,8.37833786,4.574076653
14:59:29,13.69680691,19.98090553,8.408866882,4.599492073,,8.408866882,4.599492073
14:59:30,13.56966782,19.95040703,8.459747314,4.579159737,,8.459747314,4.579159737
14:59:31,13.51372623,19.79283142,8.37833786,4.589325905,,8.37833786,4.589325905
14:59:32,13.59509563,19.74708366,8.429219246,4.579159737,,8.429219246,4.579159737
14:59:33,13.55441093,19.76233292,8.424131393,4.701153755,,8.424131393,4.701153755
14:59:34,13.47304153,19.74200058,8.388514519,4.589325905,,8.388514519,4.589325905
14:59:35,13.40692902,19.70641899,8.352897644,4.614741325,,8.352897644,4.614741325
14:59:36,13.36115837,19.68100357,8.302017212,4.609658241,,8.302017212,4.609658241
14:59:37,13.34590149,19.65558815,8.154461861,4.655405998,,8.154461861,4.655405998
14:59:38,13.37641525,19.66067123,8.134109497,4.589325905,,8.134109497,4.589325905
14:59:39,13.46795559,19.63525581,7.935674191,4.675738335,,7.935674191,4.675738335
14:59:40,13.51881218,19.58950806,7.905145645,4.655405998,,7.905145645,4.655405998
14:59:41,13.49338341,19.54884338,7.757591248,4.685904503,,7.757591248,4.685904503
14:59:42,13.41709995,19.55900955,7.793207645,4.670655251,,7.793207645,4.670655251
14:59:43,13.51372623,19.63525581,7.798295975,4.579159737,,7.798295975,4.579159737
14:59:44,13.52898312,19.65050507,7.772855282,4.624907494,,7.772855282,4.624907494
14:59:45,13.44761372,19.62000656,7.8746171,4.665572166,,7.8746171,4.665572166
14:59:46,13.24927521,19.59967422,7.808472157,4.619824409,,7.808472157,4.619824409
14:59:47,13.4221859,19.56917572,7.869529247,4.599492073,,7.869529247,4.599492073
14:59:48,13.52898312,19.5742588,7.82882452,4.568993568,,7.82882452,4.568993568
14:59:49,13.46795559,19.54884338,7.793207645,4.584242821,,7.793207645,4.584242821
14:59:50,13.47812748,19.55392647,7.808472157,4.614741325,,7.808472157,4.614741325
14:59:51,13.34590149,19.5742588,7.727062702,4.574076653,,7.727062702,4.574076653
14:59:52,13.16282082,19.60984039,7.777943611,4.589325905,,7.777943611,4.589325905
14:59:53,12.94414043,19.52851105,7.757591248,4.624907494,,7.757591248,4.624907494
14:59:54,13.23401928,19.5742588,7.71688652,4.670655251,,7.71688652,4.670655251
14:59:55,13.23401928,19.69116974,7.447217464,4.650322914,,7.447217464,4.650322914
14:59:56,13.22384739,19.71150208,7.279310703,4.563910484,,7.279310703,4.563910484
14:59:57,13.27978897,19.72166824,7.111403465,4.548661232,,7.111403465,4.548661232
14:59:58,13.25436115,19.75724983,6.984201431,4.528328896,,6.984201431,4.528328896
14:59:59,13.36624432,19.72675133,6.984201431,4.528328896,,6.984201431,4.528328896
15:00:00,13.35098743,19.5742588,6.912968159,4.53341198,,6.912968159,4.53341198
15:00:01,13.33064461,19.51834488,7.004553795,4.507996559,,7.004553795,4.507996559
15:00:02,13.4221859,19.5437603,7.004553795,4.497830391,,7.004553795,4.497830391
15:00:03,13.37132931,19.55900955,7.157196522,4.513079643,,7.157196522,4.513079643
15:00:04,13.33064461,19.53359413,7.177548885,4.507996559,,7.177548885,4.507996559
15:00:05,13.43744278,19.5742588,7.208077431,4.497830391,,7.208077431,4.497830391
15:00:06,13.40184307,19.61492348,7.350543976,4.523245811,,7.350543976,4.523245811
15:00:07,13.2594471,19.66067123,7.411601067,4.53341198,,7.411601067,4.53341198
15:00:08,13.32047367,19.70133591,7.381072521,4.497830391,,7.381072521,4.497830391
15:00:09,13.37132931,19.74708366,7.452305794,4.513079643,,7.452305794,4.513079643
15:00:10,13.36115837,19.82332993,7.462481976,4.502913475,,7.462481976,4.502913475
15:00:11,13.27470398,19.80808067,7.406512737,4.518162727,,7.406512737,4.518162727
15:00:12,13.28995991,19.75216675,7.406512737,4.543578148,,7.406512737,4.543578148
15:00:13,13.30521679,19.73183441,7.36580801,4.523245811,,7.36580801,4.523245811
15:00:14,13.27978897,19.81316376,7.381072521,4.5588274,,7.381072521,4.5588274
15:00:15,13.33064461,19.79283142,7.279310703,4.609658241,,7.279310703,4.609658241
15:00:16,13.35607338,19.83349609,7.213165283,4.594408989,,7.213165283,4.594408989
15:00:17,13.3815012,19.90974236,7.264046192,4.568993568,,7.264046192,4.568993568
15:00:18,13.28995991,19.93007469,7.269134521,4.53341198,,7.269134521,4.53341198
15:00:19,13.15264988,19.8944931,7.350543976,4.563910484,,7.350543976,4.563910484
15:00:20,13.0153389,19.81824684,7.274222374,4.507996559,,7.274222374,4.507996559
15:00:21,12.91362667,19.82332993,7.208077431,4.553744316,,7.208077431,4.553744316
15:00:22,12.94414043,19.87416077,7.060522556,4.579159737,,7.060522556,4.579159737
15:00:23,13.02550983,19.91990852,6.943496704,4.568993568,,6.943496704,4.568993568
15:00:24,12.82208633,19.81824684,6.760325432,4.548661232,,6.760325432,4.548661232
15:00:25,12.76105881,19.74708366,6.587330341,4.574076653,,6.587330341,4.574076653
15:00:26,12.7712307,19.77249908,6.297308922,4.548661232,,6.297308922,4.548661232
15:00:27,12.78140163,19.76233292,6.170106888,4.538495064,,6.170106888,4.538495064
15:00:28,12.8119154,19.82841301,5.900437832,4.523245811,,5.900437832,4.523245811
15:00:29,12.79157257,19.88941002,5.712178707,4.462248802,,5.712178707,4.462248802
15:00:30,12.73563099,19.9605732,5.600240707,4.411417961,,5.600240707,4.411417961
15:00:31,12.72546005,19.98090553,5.518831253,4.431750298,,5.518831253,4.431750298
15:00:32,12.72037411,19.98598862,5.371276379,4.416501045,,5.371276379,4.416501045
15:00:33,12.71020317,19.98598862,5.259338379,4.370753288,,5.259338379,4.370753288
15:00:34,12.6491766,19.9910717,5.142312527,4.370753288,,5.142312527,4.370753288
15:00:35,12.65426159,19.98598862,5.040550709,4.365670204,,5.040550709,4.365670204
15:00:36,12.63900471,19.98090553,4.959141254,4.350420952,,4.959141254,4.350420952
15:00:37,12.65426159,19.98598862,4.938788891,4.411417961,,4.938788891,4.411417961
15:00:38,12.63900471,19.95040703,4.8777318,4.411417961,,4.8777318,4.411417961
15:00:39,12.64409065,19.85891151,4.735265255,4.396168709,,4.735265255,4.396168709
15:00:40,12.6491766,19.79791451,4.679296017,4.375836372,,4.679296017,4.375836372
15:00:41,12.6491766,19.83857918,4.679296017,4.467331886,,4.679296017,4.467331886
15:00:42,12.63900471,19.86907768,4.653855801,4.36058712,,4.653855801,4.36058712
15:00:43,12.63900471,19.86907768,4.552093983,4.375836372,,4.552093983,4.375836372
15:00:44,12.64409065,19.85382843,4.531741619,4.3351717,,4.531741619,4.3351717
15:00:45,12.6491766,19.77758217,4.536829472,4.27417469,,4.536829472,4.27417469
15:00:46,12.6491766,19.72675133,4.506300926,4.269091606,,4.506300926,4.269091606
15:00:47,12.63900471,19.60475731,4.435067654,4.218260765,,4.435067654,4.218260765
15:00:48,12.6491766,19.52851105,4.429979801,4.314839363,,4.429979801,4.314839363
15:00:49,12.6491766,19.51834488,4.470684528,4.330088615,,4.470684528,4.330088615
15:00:50,12.64409065,19.59459114,4.374010563,4.269091606,,4.374010563,4.269091606
15:00:51,12.63900471,19.64542198,4.394362926,4.243676186,,4.394362926,4.243676186
15:00:52,12.65426159,19.65558815,4.450332165,4.197928429,,4.450332165,4.197928429
15:00:53,12.63900471,19.63525581,4.41471529,4.253842354,,4.41471529,4.253842354
15:00:54,12.6491766,19.64542198,4.379098892,4.208094597,,4.379098892,4.208094597
15:00:55,12.66443348,19.62000656,4.30277729,4.289423943,,4.30277729,4.289423943
15:00:56,12.64409065,19.63017273,4.374010563,4.233510017,,4.374010563,4.233510017
15:00:57,12.65426159,19.70133591,4.328217983,4.24875927,,4.328217983,4.24875927
15:00:58,12.63391972,19.71150208,4.318041801,4.228426933,,4.318041801,4.228426933
15:00:59,12.63391972,19.68100357,4.287513256,4.177596092,,4.287513256,4.177596092
15:01:00,12.63900471,19.69625282,4.379098892,4.192845345,,4.379098892,4.192845345
15:01:01,12.64409065,19.74708366,4.287513256,4.238593102,,4.287513256,4.238593102
15:01:02,12.64409065,19.77758217,4.343482018,4.27417469,,4.343482018,4.27417469
15:01:03,12.6491766,19.84366226,4.246808529,4.167429924,,4.246808529,4.167429924
15:01:04,12.62883377,19.86907768,4.297689438,4.208094597,,4.297689438,4.208094597
15:01:05,12.6491766,19.89957619,4.333305836,4.258925438,,4.333305836,4.258925438
15:01:06,12.63391972,19.82841301,4.231544018,4.208094597,,4.231544018,4.208094597
15:01:07,12.65426159,19.82332993,4.384186745,4.192845345,,4.384186745,4.192845345
15:01:08,12.64409065,19.77758217,4.338394165,4.258925438,,4.338394165,4.258925438
15:01:09,12.6491766,19.85891151,4.30786562,4.172513008,,4.30786562,4.172513008
15:01:10,12.65426159,19.92499161,4.246808529,4.208094597,,4.246808529,4.208094597
15:01:11,12.63391972,19.92499161,4.282424927,4.24875927,,4.282424927,4.24875927
15:01:12,12.66443348,19.81316376,4.206103802,4.258925438,,4.206103802,4.258925438
15:01:13,12.68477535,19.72675133,4.246808529,4.203011513,,4.246808529,4.203011513
15:01:14,12.67460442,19.767416,4.30786562,4.197928429,,4.30786562,4.197928429
15:01:15,12.65934753,19.85382843,4.211191654,4.238593102,,4.211191654,4.238593102
15:01:16,12.65934753,19.80808067,4.282424927,4.192845345,,4.282424927,4.192845345
15:01:17,12.65934753,19.81824684,4.297689438,4.177596092,,4.297689438,4.177596092
15:01:18,12.70511818,19.77249908,4.297689438,4.197928429,,4.297689438,4.197928429
15:01:19,12.71020317,19.63017273,4.318041801,4.238593102,,4.318041801,4.238593102
15:01:20,12.68477535,19.49801254,4.246808529,4.264008522,,4.246808529,4.264008522
15:01:21,12.68477535,19.40651703,4.424891472,4.304673195,,4.424891472,4.304673195
15:01:22,12.67968941,19.45734787,4.328217983,4.24875927,,4.328217983,4.24875927
15:01:23,12.67460442,19.47768021,4.256984711,4.16234684,,4.256984711,4.16234684
15:01:24,12.66443348,19.43701553,4.30786562,4.203011513,,4.30786562,4.203011513
15:01:25,12.66951847,19.43193245,4.379098892,4.203011513,,4.379098892,4.203011513
15:01:26,12.66443348,19.36585236,4.292601109,4.218260765,,4.292601109,4.218260765
15:01:27,12.65426159,19.38618469,4.282424927,4.213177681,,4.282424927,4.213177681
15:01:28,12.66951847,19.43193245,4.318041801,4.213177681,,4.318041801,4.213177681
15:01:29,12.66951847,19.43701553,4.221367836,4.152180672,,4.221367836,4.152180672
15:01:30,12.65934753,19.46243095,4.287513256,4.16234684,,4.287513256,4.16234684
15:01:31,12.67460442,19.47768021,4.323129654,4.182679176,,4.323129654,4.182679176
15:01:32,12.67460442,19.4166832,4.221367836,4.203011513,,4.221367836,4.203011513
15:01:33,12.67460442,19.4166832,4.318041801,4.16234684,,4.318041801,4.16234684
15:01:34,12.68477535,19.43701553,4.312953472,4.197928429,,4.312953472,4.197928429
15:01:35,12.66951847,19.42684937,4.221367836,4.269091606,,4.221367836,4.269091606
15:01:36,12.67460442,19.51834488,4.338394165,4.258925438,,4.338394165,4.258925438
15:01:37,12.67460442,19.60475731,4.226456165,4.147097588,,4.226456165,4.147097588
15:01:38,12.66951847,19.63525581,4.287513256,4.172513008,,4.287513256,4.172513008
15:01:39,12.66951847,19.69625282,4.272248745,4.228426933,,4.272248745,4.228426933
15:01:40,12.68477535,19.78266525,4.236632347,4.18776226,,4.236632347,4.18776226
15:01:41,12.72037411,19.77249908,4.277337074,4.147097588,,4.277337074,4.147097588
15:01:42,12.75597382,19.69625282,4.226456165,4.238593102,,4.226456165,4.238593102
15:01:43,12.79157257,19.56917572,4.333305836,4.218260765,,4.333305836,4.218260765
15:01:44,12.73563099,19.51834488,4.236632347,4.294507027,,4.236632347,4.294507027
15:01:45,12.73563099,19.46751404,4.348570347,4.238593102,,4.348570347,4.238593102
15:01:46,12.73563099,19.48784637,4.312953472,4.208094597,,4.312953472,4.208094597
15:01:47,12.730546,19.5742588,4.450332165,4.18776226,,4.450332165,4.18776226
15:01:48,12.70003223,19.71150208,4.36892271,4.24875927,,4.36892271,4.24875927
15:01:49,12.70511818,19.69625282,4.419803619,4.182679176,,4.419803619,4.182679176
15:01:50,12.75597382,19.63525581,4.460508347,4.238593102,,4.460508347,4.238593102
15:01:51,12.730546,19.70133591,4.363834381,4.208094597,,4.363834381,4.208094597
15:01:52,12.70511818,19.80808067,4.470684528,4.16234684,,4.470684528,4.16234684
15:01:53,12.70003223,19.90974236,4.429979801,4.243676186,,4.429979801,4.243676186
15:01:54,12.72037411,19.90465927,4.419803619,4.253842354,,4.419803619,4.253842354
15:01:55,12.73563099,19.8639946,4.440155983,4.24875927,,4.440155983,4.24875927
15:01:56,12.71020317,19.8944931,4.41471529,4.238593102,,4.41471529,4.238593102
15:01:57,12.72546005,19.88432693,4.419803619,4.228426933,,4.419803619,4.228426933
15:01:58,12.71020317,19.84366226,4.485948563,4.319922447,,4.485948563,4.319922447
15:01:59,12.71020317,19.83857918,4.374010563,4.228426933,,4.374010563,4.228426933
15:02:00,12.70511818,19.92499161,4.358746529,4.208094597,,4.358746529,4.208094597
15:02:01,12.6898613,19.94024086,4.455420017,4.218260765,,4.455420017,4.218260765
15:02:02,12.70003223,19.8639946,4.440155983,4.258925438,,4.440155983,4.258925438
15:02:03,12.6898613,19.80299759,4.399451256,4.218260765,,4.399451256,4.218260765
15:02:04,12.67968941,19.85382843,4.343482018,4.172513008,,4.343482018,4.172513008
15:02:05,12.68477535,19.90465927,4.424891472,4.157263756,,4.424891472,4.157263756
15:02:06,12.70003223,19.8944931,4.374010563,4.18776226,,4.374010563,4.18776226
15:02:07,12.70003223,19.90465927,4.328217983,4.167429924,,4.328217983,4.167429924
15:02:08,12.70511818,19.92499161,4.338394165,4.167429924,,4.338394165,4.167429924
15:02:09,12.68477535,19.94024086,4.389275074,4.167429924,,4.389275074,4.167429924
15:02:10,12.67968941,19.89957619,4.394362926,4.177596092,,4.394362926,4.177596092
15:02:11,12.67460442,19.94532394,4.384186745,4.152180672,,4.384186745,4.152180672
15:02:12,12.65934753,19.97582245,4.394362926,4.172513008,,4.394362926,4.172513008
15:02:13,12.65426159,19.98090553,4.36892271,4.16234684,,4.36892271,4.16234684
15:02:14,12.65934753,19.98598862,4.363834381,4.203011513,,4.363834381,4.203011513
15:02:15,12.65934753,19.98090553,4.272248745,4.269091606,,4.272248745,4.269091606
15:02:16,12.67968941,19.98598862,4.30786562,4.24875927,,4.30786562,4.24875927
15:02:17,12.67460442,19.98090553,4.323129654,4.27417469,,4.323129654,4.27417469
15:02:18,12.66951847,19.98090553,4.318041801,4.223343849,,4.318041801,4.223343849
15:02:19,12.65934753,19.98090553,4.251896381,4.177596092,,4.251896381,4.177596092
15:02:20,12.65934753,19.98598862,4.256984711,4.142014503,,4.256984711,4.142014503
15:02:21,12.65934753,19.98598862,4.30277729,4.177596092,,4.30277729,4.177596092
15:02:22,12.65934753,19.96565628,4.287513256,4.223343849,,4.287513256,4.223343849
15:02:23,12.66443348,19.96565628,4.246808529,4.264008522,,4.246808529,4.264008522
15:02:24,12.65934753,19.89957619,4.312953472,4.218260765,,4.312953472,4.218260765
15:02:25,12.66443348,19.84366226,4.30277729,4.167429924,,4.30277729,4.167429924
15:02:26,12.66951847,19.82332993,4.201015472,4.24875927,,4.201015472,4.24875927
15:02:27,12.66951847,19.83857918,4.30786562,4.172513008,,4.30786562,4.172513008
15:02:28,12.66443348,19.8639946,4.19592762,4.238593102,,4.19592762,4.238593102
15:02:29,12.66951847,19.92499161,4.251896381,4.253842354,,4.251896381,4.253842354
15:02:30,12.65934753,19.98598862,4.282424927,4.167429924,,4.282424927,4.167429924
15:02:31,12.67968941,19.98090553,4.216279984,4.228426933,,4.216279984,4.228426933
15:02:32,12.67460442,19.91990852,4.180663109,4.192845345,,4.180663109,4.192845345
15:02:33,12.66951847,19.88941002,4.226456165,4.228426933,,4.226456165,4.228426933
15:02:34,12.67968941,19.87924385,4.211191654,4.24875927,,4.211191654,4.24875927
15:02:35,12.66951847,19.91990852,4.262072563,4.147097588,,4.262072563,4.147097588
15:02:36,12.65934753,19.98090553,4.262072563,4.223343849,,4.262072563,4.223343849
15:02:37,12.66951847,19.98598862,4.211191654,4.16234684,,4.211191654,4.16234684
15:02:38,12.66951847,19.9910717,4.216279984,4.16234684,,4.216279984,4.16234684
15:02:39,12.66443348,19.98598862,4.185751438,4.228426933,,4.185751438,4.228426933
15:02:40,12.66443348,19.98598862,4.190839291,4.258925438,,4.190839291,4.258925438
15:02:41,12.6491766,19.98090553,4.221367836,4.18776226,,4.221367836,4.18776226
15:02:42,12.66951847,19.98090553,4.312953472,4.142014503,,4.312953472,4.142014503
15:02:43,12.65426159,19.98598862,4.246808529,4.142014503,,4.246808529,4.142014503
15:02:44,12.66951847,19.98598862,4.211191654,4.18776226,,4.211191654,4.18776226
15:02:45,12.65426159,19.99615479,4.211191654,4.243676186,,4.211191654,4.243676186
15:02:46,12.65426159,19.98090553,4.139958382,4.223343849,,4.139958382,4.223343849
15:02:47,12.65426159,19.98090553,4.19592762,4.192845345,,4.19592762,4.192845345
15:02:48,12.6491766,19.97582245,4.231544018,4.126765251,,4.231544018,4.126765251
15:02:49,12.65934753,19.98598862,4.216279984,4.177596092,,4.216279984,4.177596092
15:02:50,12.66951847,19.98598862,4.150134563,4.147097588,,4.150134563,4.147097588
15:02:51,12.66951847,19.98598862,4.170486927,4.16234684,,4.170486927,4.16234684
15:02:52,12.65934753,19.98090553,4.2417202,4.172513008,,4.2417202,4.172513008
15:02:53,12.64409065,19.98090553,4.211191654,4.197928429,,4.211191654,4.197928429
15:02:54,12.65426159,19.9910717,4.175575256,4.223343849,,4.175575256,4.223343849
15:02:55,12.65426159,19.98598862,4.231544018,4.157263756,,4.231544018,4.157263756
15:02:56,12.62883377,19.98598862,4.165399075,4.218260765,,4.165399075,4.218260765
15:02:57,12.64409065,19.98090553,4.211191654,4.142014503,,4.211191654,4.142014503
15:02:58,12.6491766,19.98598862,4.175575256,4.197928429,,4.175575256,4.197928429
15:02:59,12.63391972,19.9910717,4.114518166,4.197928429,,4.114518166,4.197928429
15:03:00,12.6491766,19.98598862,4.231544018,4.157263756,,4.231544018,4.157263756
15:03:01,12.66443348,19.97582245,4.180663109,4.18776226,,4.180663109,4.18776226
15:03:02,12.63391972,19.98090553,4.180663109,4.208094597,,4.180663109,4.208094597
15:03:03,12.63900471,19.95549011,4.134870529,4.182679176,,4.134870529,4.182679176
15:03:04,12.63900471,19.89957619,4.211191654,4.238593102,,4.211191654,4.238593102
15:03:05,12.65426159,19.85891151,4.139958382,4.157263756,,4.139958382,4.157263756
15:03:06,12.65426159,19.80299759,4.150134563,4.243676186,,4.150134563,4.243676186
15:03:07,12.6491766,19.767416,4.190839291,4.136931419,,4.190839291,4.136931419
15:03:08,12.66951847,19.78774834,4.211191654,4.218260765,,4.211191654,4.218260765
15:03:09,12.67460442,19.8639946,4.170486927,4.16234684,,4.170486927,4.16234684
15:03:10,12.6898613,19.8944931,4.1297822,4.182679176,,4.1297822,4.182679176
15:03:11,12.75088787,19.80808067,4.119606018,4.142014503,,4.119606018,4.142014503
15:03:12,12.72546005,19.78266525,4.145046711,4.223343849,,4.145046711,4.223343849
15:03:13,12.71528912,19.83349609,4.211191654,4.116599083,,4.211191654,4.116599083
15:03:14,12.70511818,19.81824684,4.251896381,4.208094597,,4.251896381,4.208094597
15:03:15,12.69494629,19.75216675,4.251896381,4.157263756,,4.251896381,4.157263756
15:03:16,12.69494629,19.69116974,4.277337074,4.131848335,,4.277337074,4.131848335
15:03:17,12.68477535,19.66067123,4.226456165,4.172513008,,4.226456165,4.172513008
15:03:18,12.66951847,19.63525581,4.30277729,4.157263756,,4.30277729,4.157263756
15:03:19,12.67968941,19.66067123,4.272248745,4.218260765,,4.272248745,4.218260765
15:03:20,12.68477535,19.71658516,4.282424927,4.182679176,,4.282424927,4.182679176
15:03:21,12.70511818,19.78774834,4.201015472,4.192845345,,4.201015472,4.192845345
15:03:22,12.72037411,19.86907768,4.292601109,4.289423943,,4.292601109,4.289423943
15:03:23,12.730546,19.87924385,4.185751438,4.126765251,,4.185751438,4.126765251
15:03:24,12.70511818,19.83857918,4.190839291,4.182679176,,4.190839291,4.182679176
15:03:25,12.69494629,19.68608665,4.185751438,4.136931419,,4.185751438,4.136931419
15:03:26,12.72037411,19.62000656,4.246808529,4.106432915,,4.246808529,4.106432915
15:03:27,12.72546005,19.62000656,4.30277729,4.192845345,,4.30277729,4.192845345
15:03:28,12.73563099,19.62000656,4.2417202,4.243676186,,4.2417202,4.243676186
15:03:29,12.73563099,19.69116974,4.30786562,4.218260765,,4.30786562,4.218260765
15:03:30,12.75597382,19.64542198,4.333305836,4.208094597,,4.333305836,4.208094597
15:03:31,12.76105881,19.6403389,4.292601109,4.147097588,,4.292601109,4.147097588
15:03:32,12.76105881,19.66067123,4.358746529,4.147097588,,4.358746529,4.147097588
15:03:33,12.7712307,19.74708366,4.328217983,4.208094597,,4.328217983,4.208094597
15:03:34,12.76614475,19.78266525,4.343482018,4.243676186,,4.343482018,4.243676186
15:03:35,12.77631569,19.79791451,4.384186745,4.233510017,,4.384186745,4.233510017
15:03:36,12.80174351,19.77758217,4.389275074,4.223343849,,4.389275074,4.223343849
15:03:37,12.79157257,19.74200058,4.419803619,4.203011513,,4.419803619,4.203011513
15:03:38,12.78140163,19.77249908,4.348570347,4.177596092,,4.348570347,4.177596092
15:03:39,12.80174351,19.76233292,4.445243835,4.177596092,,4.445243835,4.177596092
15:03:40,12.79157257,19.80299759,4.536829472,4.18776226,,4.536829472,4.18776226
15:03:41,12.76614475,19.84366226,4.455420017,4.157263756,,4.455420017,4.157263756
15:03:42,12.79665852,19.93007469,4.435067654,4.152180672,,4.435067654,4.152180672
15:03:43,12.7712307,19.98090553,4.429979801,4.167429924,,4.429979801,4.167429924
15:03:44,12.76105881,19.97073936,4.491036892,4.192845345,,4.491036892,4.192845345
15:03:45,12.74580288,19.8944931,4.531741619,4.192845345,,4.531741619,4.192845345
15:03:46,12.75597382,19.75724983,4.511389256,4.208094597,,4.511389256,4.208094597
15:03:47,12.74580288,19.62000656,4.511389256,4.157263756,,4.511389256,4.157263756
15:03:48,12.75597382,19.56409264,4.435067654,4.152180672,,4.435067654,4.152180672
15:03:49,12.79665852,19.60984039,4.475772381,4.238593102,,4.475772381,4.238593102
15:03:50,12.80682945,19.69116974,4.521565437,4.18776226,,4.521565437,4.18776226
15:03:51,12.78140163,19.78266525,4.496124744,4.233510017,,4.496124744,4.233510017
15:03:52,12.76105881,19.84874535,4.582622528,4.18776226,,4.582622528,4.18776226
15:03:53,12.74580288,19.8944931,4.475772381,4.182679176,,4.475772381,4.182679176
15:03:54,12.74580288,19.81316376,4.475772381,4.258925438,,4.475772381,4.258925438
15:03:55,12.72546005,19.72166824,4.460508347,4.208094597,,4.460508347,4.208094597
15:03:56,12.78648758,19.72166824,4.41471529,4.157263756,,4.41471529,4.157263756
15:03:57,12.81700039,19.74200058,4.399451256,4.304673195,,4.399451256,4.304673195
15:03:58,12.79157257,19.71658516,4.424891472,4.182679176,,4.424891472,4.182679176
15:03:59,12.78140163,19.75216675,4.440155983,4.218260765,,4.440155983,4.218260765
15:04:00,12.7712307,19.75724983,4.485948563,4.264008522,,4.485948563,4.264008522
15:04:01,12.79665852,19.78774834,4.567358017,4.258925438,,4.567358017,4.258925438
15:04:02,12.78648758,19.87924385,4.52665329,4.218260765,,4.52665329,4.218260765
15:04:03,12.80682945,19.95549011,4.531741619,4.299590111,,4.531741619,4.299590111
15:04:04,12.8119154,19.9910717,4.450332165,4.213177681,,4.450332165,4.213177681
15:04:05,12.79157257,19.98598862,4.511389256,4.167429924,,4.511389256,4.167429924
15:04:06,12.8119154,19.98090553,4.475772381,4.192845345,,4.475772381,4.192845345
15:04:07,12.8119154,19.9910717,4.597886562,4.208094597,,4.597886562,4.208094597
15:04:08,12.79665852,19.98090553,4.567358017,4.213177681,,4.567358017,4.213177681
15:04:09,12.79157257,19.8944931,4.536829472,4.16234684,,4.536829472,4.16234684
15:04:10,12.78648758,19.88941002,4.52665329,4.203011513,,4.52665329,4.203011513
15:04:11,12.78140163,19.94532394,4.608062744,4.177596092,,4.608062744,4.177596092
15:04:12,12.78648758,19.9605732,4.52665329,4.177596092,,4.52665329,4.177596092
15:04:13,12.75597382,19.98598862,4.552093983,4.18776226,,4.552093983,4.18776226
15:04:14,12.79665852,19.98598862,4.59279871,4.177596092,,4.59279871,4.177596092
15:04:15,12.75597382,19.98090553,4.511389256,4.192845345,,4.511389256,4.192845345
15:04:16,12.74071693,19.93007469,4.572446346,4.172513008,,4.572446346,4.172513008
15:04:17,12.74580288,19.91482544,4.521565437,4.192845345,,4.521565437,4.192845345
15:04:18,12.74580288,19.94024086,4.577534199,4.203011513,,4.577534199,4.203011513
15:04:19,12.76105881,19.98090553,4.516477108,4.243676186,,4.516477108,4.243676186
15:04:20,12.76614475,19.98598862,4.440155983,4.228426933,,4.440155983,4.228426933
15:04:21,12.76614475,19.98598862,4.506300926,4.18776226,,4.506300926,4.18776226
15:04:22,12.74071693,19.98598862,4.455420017,4.238593102,,4.455420017,4.238593102
15:04:23,12.74071693,19.98598862,4.450332165,4.182679176,,4.450332165,4.182679176
15:04:24,12.730546,19.98598862,4.455420017,4.223343849,,4.455420017,4.223343849
15:04:25,12.730546,19.98598862,4.491036892,4.243676186,,4.491036892,4.243676186
15:04:26,12.72546005,19.98090553,4.435067654,4.223343849,,4.435067654,4.223343849
15:04:27,12.71528912,19.98598862,4.404539108,4.208094597,,4.404539108,4.208094597
15:04:28,12.72037411,19.98598862,4.496124744,4.233510017,,4.496124744,4.233510017
15:04:29,12.70511818,19.98090553,4.41471529,4.167429924,,4.41471529,4.167429924
15:04:30,12.70511818,19.94532394,4.353658199,4.197928429,,4.353658199,4.197928429
15:04:31,12.71020317,19.87416077,4.333305836,4.218260765,,4.333305836,4.218260765
15:04:32,12.74071693,19.87924385,4.409627438,4.16234684,,4.409627438,4.16234684
15:04:33,12.7712307,19.98090553,4.41471529,4.142014503,,4.41471529,4.142014503
15:04:34,12.79665852,19.9910717,4.435067654,4.243676186,,4.435067654,4.243676186
15:04:35,12.86277103,19.98090553,4.465596199,4.208094597,,4.465596199,4.208094597
15:04:36,12.92379761,19.98090553,4.455420017,4.167429924,,4.455420017,4.167429924
15:04:37,13.01025295,19.98598862,4.52665329,4.258925438,,4.52665329,4.258925438
15:04:38,12.97973919,19.98598862,4.541917801,4.269091606,,4.541917801,4.269091606
15:04:39,12.94922638,19.98090553,4.577534199,4.152180672,,4.577534199,4.152180672
15:04:40,12.91362667,19.98598862,4.714912891,4.167429924,,4.714912891,4.167429924
15:04:41,12.83225727,19.98090553,4.760705471,4.258925438,,4.760705471,4.258925438
15:04:42,12.81700039,19.98598862,4.831938744,4.223343849,,4.831938744,4.223343849
15:04:43,12.80174351,19.98090553,4.867555618,4.157263756,,4.867555618,4.157263756
15:04:44,12.80174351,19.98090553,4.887907982,4.197928429,,4.887907982,4.197928429
15:04:45,12.83734322,19.98598862,4.908260345,4.279257774,,4.908260345,4.279257774
15:04:46,12.8526001,19.98598862,4.898084164,4.208094597,,4.898084164,4.208094597
15:04:47,12.82717228,19.98598862,4.857379436,4.238593102,,4.857379436,4.238593102
15:04:48,12.8526001,19.98090553,4.831938744,4.243676186,,4.831938744,4.243676186
15:04:49,12.80682945,19.98598862,4.816674709,4.24875927,,4.816674709,4.24875927
15:04:50,12.7712307,19.90465927,4.775969982,4.228426933,,4.775969982,4.228426933
15:04:51,12.7712307,19.86907768,4.750529289,4.18776226,,4.750529289,4.18776226
15:04:52,12.80682945,19.92499161,4.745441437,4.269091606,,4.745441437,4.269091606
15:04:53,12.82208633,19.9910717,4.725089073,4.279257774,,4.725089073,4.279257774
15:04:54,12.80682945,19.97582245,4.786146164,4.243676186,,4.786146164,4.243676186
15:04:55,12.78140163,19.98598862,4.694560528,4.223343849,,4.694560528,4.223343849
15:04:56,12.75088787,19.98598862,4.821762562,4.223343849,,4.821762562,4.223343849
15:04:57,12.70511818,19.98090553,4.709824562,4.192845345,,4.709824562,4.192845345
15:04:58,12.67460442,19.98598862,4.720000744,4.213177681,,4.720000744,4.213177681
15:04:59,12.6898613,19.9910717,4.725089073,4.243676186,,4.725089073,4.243676186
15:05:00,12.69494629,19.90974236,4.669119835,4.289423943,,4.669119835,4.289423943
15:05:01,12.69494629,19.87924385,4.623327255,4.284340858,,4.623327255,4.284340858
15:05:02,12.6898613,19.8639946,4.547005653,4.253842354,,4.547005653,4.253842354
15:05:03,12.70003223,19.90465927,4.470684528,4.203011513,,4.470684528,4.203011513
15:05:04,12.67460442,19.98090553,4.470684528,4.182679176,,4.470684528,4.182679176
15:05:05,12.67968941,19.98598862,4.491036892,4.223343849,,4.491036892,4.223343849
15:05:06,12.66951847,19.98598862,4.384186745,4.18776226,,4.384186745,4.18776226
15:05:07,12.66443348,19.98598862,4.348570347,4.243676186,,4.348570347,4.243676186
15:05:08,12.65426159,19.98598862,4.36892271,4.18776226,,4.36892271,4.18776226
15:05:09,12.64409065,19.98598862,4.389275074,4.18776226,,4.389275074,4.18776226
15:05:10,12.63391972,19.98598862,4.404539108,4.264008522,,4.404539108,4.264008522
15:05:11,12.6491766,19.98598862,4.267160892,4.16234684,,4.267160892,4.16234684
15:05:12,12.63900471,19.98090553,4.312953472,4.203011513,,4.312953472,4.203011513
15:05:13,12.65426159,19.98598862,4.292601109,4.197928429,,4.292601109,4.197928429
15:05:14,12.66443348,19.92499161,4.297689438,4.197928429,,4.297689438,4.197928429
15:05:15,12.64409065,19.78266525,4.2417202,4.309756279,,4.2417202,4.309756279
15:05:16,12.6491766,19.80299759,4.297689438,4.197928429,,4.297689438,4.197928429
15:05:17,12.65426159,19.83857918,4.30277729,4.213177681,,4.30277729,4.213177681
15:05:18,12.64409065,19.84366226,4.185751438,4.228426933,,4.185751438,4.228426933
15:05:19,12.65426159,19.85891151,4.211191654,4.192845345,,4.211191654,4.192845345
15:05:20,12.64409065,19.88432693,4.175575256,4.218260765,,4.175575256,4.218260765
15:05:21,12.63900471,19.91482544,4.180663109,4.197928429,,4.180663109,4.197928429
15:05:22,12.66443348,19.8944931,4.150134563,4.203011513,,4.150134563,4.203011513
15:05:23,12.6898613,19.83349609,4.323129654,4.238593102,,4.323129654,4.238593102
