<?xml version="1.0" encoding="UTF-8" standalone="yes" ?>
<kml xmlns="http://www.opengis.net/kml/2.2" xmlns:gx="http://www.google.com/kml/ext/2.2" xmlns:atom="http://www.w3.org/2005/Atom">
  <Document>
    <name>Merged GPS Track - 26 Feb 2025 (El Chichon)</name>
    <description>Merged from two GeoTracker sessions (11:57 and 13:16) preserving original timestamps.</description>
    <Style id="track">
      <LineStyle><color>ffff0000</color><width>4</width></LineStyle>
    </Style>
    <Placemark>
      <name>Merged Track</name>
      <styleUrl>#track</styleUrl>
      <gx:Track>
        <when>2025-02-26T17:57:26Z</when>
        <gx:coord>-93.22751395 17.35941261 863.57</gx:coord>
        <when>2025-02-26T17:59:27Z</when>
        <gx:coord>-93.22752229 17.35940204 866.85</gx:coord>
        <when>2025-02-26T18:01:28Z</when>
        <gx:coord>-93.22754757 17.35940184 871.36</gx:coord>
        <when>2025-02-26T18:02:20Z</when>
        <gx:coord>-93.22756855 17.35945822 871.8</gx:coord>
        <when>2025-02-26T18:03:12Z</when>
        <gx:coord>-93.22761376 17.35943104 872.13</gx:coord>
        <when>2025-02-26T18:03:21Z</when>
        <gx:coord>-93.2276313 17.3593837 870.99</gx:coord>
        <when>2025-02-26T18:03:36Z</when>
        <gx:coord>-93.22765389 17.35933457 869.45</gx:coord>
        <when>2025-02-26T18:03:57Z</when>
        <gx:coord>-93.22767634 17.35929125 869.75</gx:coord>
        <when>2025-02-26T18:04:08Z</when>
        <gx:coord>-93.22771074 17.35925724 871.41</gx:coord>
        <when>2025-02-26T18:04:40Z</when>
        <gx:coord>-93.22773932 17.35921126 871.68</gx:coord>
        <when>2025-02-26T18:04:44Z</when>
        <gx:coord>-93.22775985 17.35916918 871.68</gx:coord>
        <when>2025-02-26T18:04:48Z</when>
        <gx:coord>-93.22778456 17.35912962 871.43</gx:coord>
        <when>2025-02-26T18:05:02Z</when>
        <gx:coord>-93.22781063 17.35908921 871.93</gx:coord>
        <when>2025-02-26T18:05:07Z</when>
        <gx:coord>-93.2278392 17.35905259 872.11</gx:coord>
        <when>2025-02-26T18:06:44Z</when>
        <gx:coord>-93.2279029 17.35900585 872.07</gx:coord>
        <when>2025-02-26T18:06:46Z</when>
        <gx:coord>-93.22797284 17.35897142 872.91</gx:coord>
        <when>2025-02-26T18:06:49Z</when>
        <gx:coord>-93.22803074 17.35894091 873.94</gx:coord>
        <when>2025-02-26T18:06:59Z</when>
        <gx:coord>-93.22807878 17.35890697 875.4</gx:coord>
        <when>2025-02-26T18:07:02Z</when>
        <gx:coord>-93.22812352 17.35889046 876.98</gx:coord>
        <when>2025-02-26T18:07:08Z</when>
        <gx:coord>-93.22817524 17.35885921 877.56</gx:coord>
        <when>2025-02-26T18:07:11Z</when>
        <gx:coord>-93.22822082 17.35882494 877</gx:coord>
        <when>2025-02-26T18:07:26Z</when>
        <gx:coord>-93.2282685 17.35879736 875.19</gx:coord>
        <when>2025-02-26T18:07:46Z</when>
        <gx:coord>-93.2283151 17.35877999 874.66</gx:coord>
        <when>2025-02-26T18:07:55Z</when>
        <gx:coord>-93.22837368 17.35876661 874.1</gx:coord>
        <when>2025-02-26T18:07:59Z</when>
        <gx:coord>-93.22842482 17.3587567 873.9</gx:coord>
        <when>2025-02-26T18:08:04Z</when>
        <gx:coord>-93.22847744 17.358744 873.69</gx:coord>
        <when>2025-02-26T18:08:10Z</when>
        <gx:coord>-93.22853254 17.35872832 873.06</gx:coord>
        <when>2025-02-26T18:08:15Z</when>
        <gx:coord>-93.22857466 17.35870606 873.25</gx:coord>
        <when>2025-02-26T18:08:25Z</when>
        <gx:coord>-93.22861841 17.35868829 873.82</gx:coord>
        <when>2025-02-26T18:08:31Z</when>
        <gx:coord>-93.22866978 17.35867146 873.19</gx:coord>
        <when>2025-02-26T18:08:38Z</when>
        <gx:coord>-93.22871462 17.35865182 873.04</gx:coord>
        <when>2025-02-26T18:08:44Z</when>
        <gx:coord>-93.2287565 17.35862298 873.36</gx:coord>
        <when>2025-02-26T18:08:50Z</when>
        <gx:coord>-93.22879893 17.35859812 873.03</gx:coord>
        <when>2025-02-26T18:08:57Z</when>
        <gx:coord>-93.22883866 17.35857298 873.12</gx:coord>
        <when>2025-02-26T18:09:05Z</when>
        <gx:coord>-93.22888349 17.35855292 873.26</gx:coord>
        <when>2025-02-26T18:09:11Z</when>
        <gx:coord>-93.22892957 17.35853874 873.61</gx:coord>
        <when>2025-02-26T18:09:32Z</when>
        <gx:coord>-93.22898081 17.35853482 874.31</gx:coord>
        <when>2025-02-26T18:09:40Z</when>
        <gx:coord>-93.22902953 17.35855612 875.47</gx:coord>
        <when>2025-02-26T18:09:44Z</when>
        <gx:coord>-93.22907154 17.35857687 876.42</gx:coord>
        <when>2025-02-26T18:09:49Z</when>
        <gx:coord>-93.22911766 17.35858734 876.03</gx:coord>
        <when>2025-02-26T18:09:58Z</when>
        <gx:coord>-93.22917076 17.35858195 875.55</gx:coord>
        <when>2025-02-26T18:10:09Z</when>
        <gx:coord>-93.22922496 17.35857631 875.85</gx:coord>
        <when>2025-02-26T18:10:16Z</when>
        <gx:coord>-93.22927434 17.35856392 875.56</gx:coord>
        <when>2025-02-26T18:10:22Z</when>
        <gx:coord>-93.22932278 17.3585647 875.28</gx:coord>
        <when>2025-02-26T18:10:29Z</when>
        <gx:coord>-93.22937617 17.35857018 874.71</gx:coord>
        <when>2025-02-26T18:10:35Z</when>
        <gx:coord>-93.22942371 17.35858426 874.27</gx:coord>
        <when>2025-02-26T18:10:42Z</when>
        <gx:coord>-93.22947213 17.35860029 873.94</gx:coord>
        <when>2025-02-26T18:10:49Z</when>
        <gx:coord>-93.22952088 17.35862063 873.54</gx:coord>
        <when>2025-02-26T18:10:55Z</when>
        <gx:coord>-93.22956221 17.35864864 873.58</gx:coord>
        <when>2025-02-26T18:11:01Z</when>
        <gx:coord>-93.22959511 17.35869143 873.86</gx:coord>
        <when>2025-02-26T18:11:08Z</when>
        <gx:coord>-93.22963487 17.35871627 874.6</gx:coord>
        <when>2025-02-26T18:11:20Z</when>
        <gx:coord>-93.22967938 17.35873924 873.86</gx:coord>
        <when>2025-02-26T18:11:25Z</when>
        <gx:coord>-93.22971638 17.35876734 874.29</gx:coord>
        <when>2025-02-26T18:11:34Z</when>
        <gx:coord>-93.2297804 17.35877774 875.26</gx:coord>
        <when>2025-02-26T18:11:41Z</when>
        <gx:coord>-93.22983034 17.35878089 876.03</gx:coord>
        <when>2025-02-26T18:11:49Z</when>
        <gx:coord>-93.22985582 17.35882796 877.17</gx:coord>
        <when>2025-02-26T18:11:55Z</when>
        <gx:coord>-93.22989074 17.35887158 877.09</gx:coord>
        <when>2025-02-26T18:12:00Z</when>
        <gx:coord>-93.22993272 17.35890037 877.29</gx:coord>
        <when>2025-02-26T18:12:07Z</when>
        <gx:coord>-93.22997997 17.35890456 877.87</gx:coord>
        <when>2025-02-26T18:12:16Z</when>
        <gx:coord>-93.23002975 17.3589065 876.65</gx:coord>
        <when>2025-02-26T18:12:25Z</when>
        <gx:coord>-93.23007064 17.35892981 877.24</gx:coord>
        <when>2025-02-26T18:12:31Z</when>
        <gx:coord>-93.23009903 17.35896775 877.1</gx:coord>
        <when>2025-02-26T18:12:37Z</when>
        <gx:coord>-93.23013208 17.35900113 876.83</gx:coord>
        <when>2025-02-26T18:12:45Z</when>
        <gx:coord>-93.23016695 17.35903467 876.11</gx:coord>
        <when>2025-02-26T18:12:52Z</when>
        <gx:coord>-93.23019366 17.3590836 876.8</gx:coord>
        <when>2025-02-26T18:12:58Z</when>
        <gx:coord>-93.2302223 17.35912299 876.78</gx:coord>
        <when>2025-02-26T18:13:04Z</when>
        <gx:coord>-93.23025435 17.3591616 877.24</gx:coord>
        <when>2025-02-26T18:13:11Z</when>
        <gx:coord>-93.23029443 17.35919242 878.03</gx:coord>
        <when>2025-02-26T18:13:18Z</when>
        <gx:coord>-93.23034493 17.35920335 878.06</gx:coord>
        <when>2025-02-26T18:13:28Z</when>
        <gx:coord>-93.23039743 17.35919805 877.54</gx:coord>
        <when>2025-02-26T18:13:41Z</when>
        <gx:coord>-93.23044826 17.35918903 877.25</gx:coord>
        <when>2025-02-26T18:13:46Z</when>
        <gx:coord>-93.23049734 17.35917351 876.94</gx:coord>
        <when>2025-02-26T18:25:23.005Z</when>
        <gx:coord>-93.23132109 17.36131727 876.61</gx:coord>
        <when>2025-02-26T18:25:25.804Z</when>
        <gx:coord>-93.23137383 17.36136534 864.12</gx:coord>
        <when>2025-02-26T18:25:29Z</when>
        <gx:coord>-93.23131688 17.36131237 872.57</gx:coord>
        <when>2025-02-26T18:27:03Z</when>
        <gx:coord>-93.2313624 17.36135577 872.65</gx:coord>
        <when>2025-02-26T18:27:05Z</when>
        <gx:coord>-93.23140313 17.36139008 872.78</gx:coord>
        <when>2025-02-26T18:29:06Z</when>
        <gx:coord>-93.23140313 17.36139008 872.78</gx:coord>
        <when>2025-02-26T18:29:52Z</when>
        <gx:coord>-93.23140667 17.36144081 873.61</gx:coord>
        <when>2025-02-26T18:29:55Z</when>
        <gx:coord>-93.23139022 17.36148706 873.42</gx:coord>
        <when>2025-02-26T18:29:59Z</when>
        <gx:coord>-93.23136273 17.36153077 872.87</gx:coord>
        <when>2025-02-26T18:30:03Z</when>
        <gx:coord>-93.23133261 17.36157254 872.87</gx:coord>
        <when>2025-02-26T18:30:08Z</when>
        <gx:coord>-93.23129587 17.36161401 873.12</gx:coord>
        <when>2025-02-26T18:30:13Z</when>
        <gx:coord>-93.2312635 17.36164954 873.88</gx:coord>
        <when>2025-02-26T18:30:19Z</when>
        <gx:coord>-93.23122331 17.36167655 874.6</gx:coord>
        <when>2025-02-26T18:30:24Z</when>
        <gx:coord>-93.2311847 17.36170275 875.54</gx:coord>
        <when>2025-02-26T18:30:31Z</when>
        <gx:coord>-93.23114732 17.36173495 874.39</gx:coord>
        <when>2025-02-26T18:30:36Z</when>
        <gx:coord>-93.23111529 17.36177402 873.79</gx:coord>
        <when>2025-02-26T18:30:42Z</when>
        <gx:coord>-93.23107901 17.36181034 871.76</gx:coord>
        <when>2025-02-26T18:30:48Z</when>
        <gx:coord>-93.23104763 17.36184669 871.17</gx:coord>
        <when>2025-02-26T18:30:56Z</when>
        <gx:coord>-93.23101027 17.3618788 871.27</gx:coord>
        <when>2025-02-26T18:31:01Z</when>
        <gx:coord>-93.23096617 17.36189699 871.97</gx:coord>
        <when>2025-02-26T18:31:07Z</when>
        <gx:coord>-93.23091578 17.36191804 872.37</gx:coord>
        <when>2025-02-26T18:31:14Z</when>
        <gx:coord>-93.23086926 17.36194648 872.47</gx:coord>
        <when>2025-02-26T18:31:21Z</when>
        <gx:coord>-93.2308327 17.36197967 872.91</gx:coord>
        <when>2025-02-26T18:31:27Z</when>
        <gx:coord>-93.23079338 17.36200993 873.61</gx:coord>
        <when>2025-02-26T18:31:32Z</when>
        <gx:coord>-93.23076275 17.36204574 874.03</gx:coord>
        <when>2025-02-26T18:31:37Z</when>
        <gx:coord>-93.23074306 17.3620871 872.88</gx:coord>
        <when>2025-02-26T18:31:51Z</when>
        <gx:coord>-93.23075264 17.36213799 868.51</gx:coord>
        <when>2025-02-26T18:32:00Z</when>
        <gx:coord>-93.23073238 17.3621805 868.8</gx:coord>
        <when>2025-02-26T18:32:07Z</when>
        <gx:coord>-93.23069784 17.36222232 870.54</gx:coord>
        <when>2025-02-26T18:32:17Z</when>
        <gx:coord>-93.23065883 17.36224776 872.88</gx:coord>
        <when>2025-02-26T18:32:26Z</when>
        <gx:coord>-93.23061002 17.36224733 873.09</gx:coord>
        <when>2025-02-26T18:32:31Z</when>
        <gx:coord>-93.23056166 17.36225112 873.37</gx:coord>
        <when>2025-02-26T18:32:36Z</when>
        <gx:coord>-93.23051052 17.36225556 873.37</gx:coord>
        <when>2025-02-26T18:32:42Z</when>
        <gx:coord>-93.23046247 17.36225421 873.11</gx:coord>
        <when>2025-02-26T18:32:52Z</when>
        <gx:coord>-93.23041069 17.36227398 873.07</gx:coord>
        <when>2025-02-26T18:33:02Z</when>
        <gx:coord>-93.23036066 17.36229825 872.44</gx:coord>
        <when>2025-02-26T18:33:06Z</when>
        <gx:coord>-93.23031368 17.36232726 872.81</gx:coord>
        <when>2025-02-26T18:33:12Z</when>
        <gx:coord>-93.23027629 17.36236427 872.12</gx:coord>
        <when>2025-02-26T18:33:20Z</when>
        <gx:coord>-93.2302538 17.36241336 871</gx:coord>
        <when>2025-02-26T18:33:26Z</when>
        <gx:coord>-93.2302212 17.36245261 871.12</gx:coord>
        <when>2025-02-26T18:33:32Z</when>
        <gx:coord>-93.23018004 17.36247577 872.13</gx:coord>
        <when>2025-02-26T18:33:38Z</when>
        <gx:coord>-93.23012656 17.36248452 872.42</gx:coord>
        <when>2025-02-26T18:33:44Z</when>
        <gx:coord>-93.23007823 17.36249566 873.4</gx:coord>
        <when>2025-02-26T18:33:55Z</when>
        <gx:coord>-93.23003356 17.36251651 874.11</gx:coord>
        <when>2025-02-26T18:34:01Z</when>
        <gx:coord>-93.23001507 17.36255877 873.62</gx:coord>
        <when>2025-02-26T18:34:09Z</when>
        <gx:coord>-93.23000206 17.36260463 873.89</gx:coord>
        <when>2025-02-26T18:34:17Z</when>
        <gx:coord>-93.22997552 17.36265184 873.06</gx:coord>
        <when>2025-02-26T18:34:24Z</when>
        <gx:coord>-93.22995143 17.3626932 871.9</gx:coord>
        <when>2025-02-26T18:35:01Z</when>
        <gx:coord>-93.22990158 17.36270156 871.52</gx:coord>
        <when>2025-02-26T18:35:08Z</when>
        <gx:coord>-93.22986105 17.36267709 874.09</gx:coord>
        <when>2025-02-26T18:35:15Z</when>
        <gx:coord>-93.22981634 17.36265284 876.27</gx:coord>
        <when>2025-02-26T18:35:28Z</when>
        <gx:coord>-93.22976977 17.36267487 878.07</gx:coord>
        <when>2025-02-26T18:35:34Z</when>
        <gx:coord>-93.22974495 17.36271982 877.5</gx:coord>
        <when>2025-02-26T18:35:41Z</when>
        <gx:coord>-93.22971767 17.36276498 877.13</gx:coord>
        <when>2025-02-26T18:35:48Z</when>
        <gx:coord>-93.22969304 17.36281202 877.01</gx:coord>
        <when>2025-02-26T18:35:53Z</when>
        <gx:coord>-93.22966027 17.36285043 877.01</gx:coord>
        <when>2025-02-26T18:36:05Z</when>
        <gx:coord>-93.22960804 17.36285391 876.4</gx:coord>
        <when>2025-02-26T18:36:14Z</when>
        <gx:coord>-93.22955852 17.36282646 876.97</gx:coord>
        <when>2025-02-26T18:36:20Z</when>
        <gx:coord>-93.22951766 17.36279692 878.13</gx:coord>
        <when>2025-02-26T18:36:28Z</when>
        <gx:coord>-93.22947174 17.36278679 879.15</gx:coord>
        <when>2025-02-26T18:36:40Z</when>
        <gx:coord>-93.2294195 17.36277959 878.74</gx:coord>
        <when>2025-02-26T18:36:47Z</when>
        <gx:coord>-93.22937577 17.36276033 877.28</gx:coord>
        <when>2025-02-26T18:36:51Z</when>
        <gx:coord>-93.22933305 17.36272809 876.42</gx:coord>
        <when>2025-02-26T18:36:59Z</when>
        <gx:coord>-93.22928629 17.3627106 878.41</gx:coord>
        <when>2025-02-26T18:37:09Z</when>
        <gx:coord>-93.2292361 17.36270144 878.62</gx:coord>
        <when>2025-02-26T18:37:15Z</when>
        <gx:coord>-93.22918685 17.36268566 877.82</gx:coord>
        <when>2025-02-26T18:37:24Z</when>
        <gx:coord>-93.22914456 17.36265826 879.2</gx:coord>
        <when>2025-02-26T18:38:49Z</when>
        <gx:coord>-93.22912403 17.36261271 878.21</gx:coord>
        <when>2025-02-26T18:38:57Z</when>
        <gx:coord>-93.2291011 17.36257049 877.47</gx:coord>
        <when>2025-02-26T18:40:05Z</when>
        <gx:coord>-93.22909891 17.36251774 877.78</gx:coord>
        <when>2025-02-26T18:40:09Z</when>
        <gx:coord>-93.22908103 17.36246222 878.63</gx:coord>
        <when>2025-02-26T18:40:14Z</when>
        <gx:coord>-93.22905239 17.36241876 881.27</gx:coord>
        <when>2025-02-26T18:40:19Z</when>
        <gx:coord>-93.22901202 17.36239516 882.16</gx:coord>
        <when>2025-02-26T18:40:29Z</when>
        <gx:coord>-93.22896821 17.36237739 879.87</gx:coord>
        <when>2025-02-26T18:40:35Z</when>
        <gx:coord>-93.22892533 17.36234813 879.45</gx:coord>
        <when>2025-02-26T18:40:42Z</when>
        <gx:coord>-93.22890159 17.36230754 879.57</gx:coord>
        <when>2025-02-26T18:40:48Z</when>
        <gx:coord>-93.22886249 17.36227739 880.08</gx:coord>
        <when>2025-02-26T18:40:54Z</when>
        <gx:coord>-93.2288312 17.36224301 880.96</gx:coord>
        <when>2025-02-26T18:40:59Z</when>
        <gx:coord>-93.22878489 17.36221793 879.94</gx:coord>
        <when>2025-02-26T18:41:05Z</when>
        <gx:coord>-93.22873531 17.36219893 880.43</gx:coord>
        <when>2025-02-26T18:41:11Z</when>
        <gx:coord>-93.22871515 17.36215168 880.78</gx:coord>
        <when>2025-02-26T18:41:18Z</when>
        <gx:coord>-93.22868799 17.36211292 880.69</gx:coord>
        <when>2025-02-26T18:41:25Z</when>
        <gx:coord>-93.22864623 17.36208744 881.82</gx:coord>
        <when>2025-02-26T18:41:31Z</when>
        <gx:coord>-93.22861556 17.36204673 881.27</gx:coord>
        <when>2025-02-26T18:41:36Z</when>
        <gx:coord>-93.22862758 17.36199613 881.81</gx:coord>
        <when>2025-02-26T18:41:56Z</when>
        <gx:coord>-93.22867568 17.36198552 881.03</gx:coord>
        <when>2025-02-26T18:42:01Z</when>
        <gx:coord>-93.22872352 17.36195811 880.17</gx:coord>
        <when>2025-02-26T18:42:06Z</when>
        <gx:coord>-93.22876379 17.36192219 880.27</gx:coord>
        <when>2025-02-26T18:42:11Z</when>
        <gx:coord>-93.22879065 17.36188364 880.82</gx:coord>
        <when>2025-02-26T18:42:17Z</when>
        <gx:coord>-93.22881634 17.3618441 880.84</gx:coord>
        <when>2025-02-26T18:42:22Z</when>
        <gx:coord>-93.2288553 17.36180925 881.23</gx:coord>
        <when>2025-02-26T18:42:27Z</when>
        <gx:coord>-93.22888228 17.36177163 881.73</gx:coord>
        <when>2025-02-26T18:42:33Z</when>
        <gx:coord>-93.22891877 17.36173765 881.73</gx:coord>
        <when>2025-02-26T18:42:39Z</when>
        <gx:coord>-93.22895558 17.36170579 881.24</gx:coord>
        <when>2025-02-26T18:42:45Z</when>
        <gx:coord>-93.22898537 17.36166326 880.5</gx:coord>
        <when>2025-02-26T18:42:54Z</when>
        <gx:coord>-93.22899639 17.36161888 879.52</gx:coord>
        <when>2025-02-26T18:44:51Z</when>
        <gx:coord>-93.22904439 17.36156499 880.63</gx:coord>
        <when>2025-02-26T18:44:53Z</when>
        <gx:coord>-93.22907099 17.36152486 879.15</gx:coord>
        <when>2025-02-26T18:45:02Z</when>
        <gx:coord>-93.22909744 17.36147154 878.12</gx:coord>
        <when>2025-02-26T18:45:05Z</when>
        <gx:coord>-93.22912949 17.36142136 877.01</gx:coord>
        <when>2025-02-26T18:45:08Z</when>
        <gx:coord>-93.22916324 17.36137848 877.27</gx:coord>
        <when>2025-02-26T18:45:12Z</when>
        <gx:coord>-93.22919719 17.36133065 877.79</gx:coord>
        <when>2025-02-26T18:45:16Z</when>
        <gx:coord>-93.22921985 17.36127741 877.04</gx:coord>
        <when>2025-02-26T18:45:20Z</when>
        <gx:coord>-93.22922905 17.36122838 876.21</gx:coord>
        <when>2025-02-26T18:45:25Z</when>
        <gx:coord>-93.22923238 17.36117996 874.62</gx:coord>
        <when>2025-02-26T18:45:31Z</when>
        <gx:coord>-93.22924666 17.36113605 874.26</gx:coord>
        <when>2025-02-26T18:45:38Z</when>
        <gx:coord>-93.22925897 17.36108706 874.04</gx:coord>
        <when>2025-02-26T18:45:44Z</when>
        <gx:coord>-93.22927725 17.36103667 874.04</gx:coord>
        <when>2025-02-26T18:45:49Z</when>
        <gx:coord>-93.22930144 17.36098916 874.43</gx:coord>
        <when>2025-02-26T18:45:54Z</when>
        <gx:coord>-93.22931407 17.36094331 874.15</gx:coord>
        <when>2025-02-26T18:45:59Z</when>
        <gx:coord>-93.22932782 17.36089988 874.08</gx:coord>
        <when>2025-02-26T18:46:08Z</when>
        <gx:coord>-93.22932876 17.3608504 872.43</gx:coord>
        <when>2025-02-26T18:46:14Z</when>
        <gx:coord>-93.22932786 17.36080278 872.68</gx:coord>
        <when>2025-02-26T18:46:20Z</when>
        <gx:coord>-93.22933333 17.36075722 872.23</gx:coord>
        <when>2025-02-26T18:46:26Z</when>
        <gx:coord>-93.22935503 17.36070659 872.31</gx:coord>
        <when>2025-02-26T18:46:33Z</when>
        <gx:coord>-93.2293692 17.3606547 871.54</gx:coord>
        <when>2025-02-26T18:46:39Z</when>
        <gx:coord>-93.22937686 17.36060454 871.46</gx:coord>
        <when>2025-02-26T18:46:44Z</when>
        <gx:coord>-93.22939421 17.36055951 872.4</gx:coord>
        <when>2025-02-26T18:46:52Z</when>
        <gx:coord>-93.22940426 17.36051178 871.79</gx:coord>
        <when>2025-02-26T18:46:57Z</when>
        <gx:coord>-93.22941051 17.36046556 872.17</gx:coord>
        <when>2025-02-26T18:47:04Z</when>
        <gx:coord>-93.22941893 17.36041862 871.67</gx:coord>
        <when>2025-02-26T18:47:11Z</when>
        <gx:coord>-93.22945091 17.36038004 872.64</gx:coord>
        <when>2025-02-26T18:47:16Z</when>
        <gx:coord>-93.22948018 17.36034226 872.47</gx:coord>
        <when>2025-02-26T18:47:23Z</when>
        <gx:coord>-93.22948873 17.36029681 871.64</gx:coord>
        <when>2025-02-26T18:47:30Z</when>
        <gx:coord>-93.22949361 17.36024451 871.5</gx:coord>
        <when>2025-02-26T18:47:38Z</when>
        <gx:coord>-93.22949252 17.36019794 871.52</gx:coord>
        <when>2025-02-26T18:47:44Z</when>
        <gx:coord>-93.2294933 17.3601526 871.54</gx:coord>
        <when>2025-02-26T18:49:45Z</when>
        <gx:coord>-93.2294923 17.36015099 871.41</gx:coord>
        <when>2025-02-26T18:51:46Z</when>
        <gx:coord>-93.22948718 17.36015791 871.29</gx:coord>
        <when>2025-02-26T18:53:47Z</when>
        <gx:coord>-93.22948718 17.36015791 871.29</gx:coord>
        <when>2025-02-26T18:55:48Z</when>
        <gx:coord>-93.22949944 17.3601555 873.59</gx:coord>
        <when>2025-02-26T19:16:27Z</when>
        <gx:coord>-93.22776307 17.35960976 880.71</gx:coord>
        <when>2025-02-26T19:17:11Z</when>
        <gx:coord>-93.22776778 17.35965477 879.4</gx:coord>
        <when>2025-02-26T19:17:28Z</when>
        <gx:coord>-93.22781088 17.35968257 879.18</gx:coord>
        <when>2025-02-26T19:17:33Z</when>
        <gx:coord>-93.22785386 17.35971429 880.1</gx:coord>
        <when>2025-02-26T19:17:44Z</when>
        <gx:coord>-93.22789079 17.35974304 881.51</gx:coord>
        <when>2025-02-26T19:17:55Z</when>
        <gx:coord>-93.22794548 17.35977087 883.02</gx:coord>
        <when>2025-02-26T19:17:58Z</when>
        <gx:coord>-93.22799554 17.35978262 885.23</gx:coord>
        <when>2025-02-26T19:18:02Z</when>
        <gx:coord>-93.22804367 17.3597988 886.64</gx:coord>
        <when>2025-02-26T19:18:08Z</when>
        <gx:coord>-93.22809291 17.35981817 888.08</gx:coord>
        <when>2025-02-26T19:18:17Z</when>
        <gx:coord>-93.22814918 17.35983072 888.19</gx:coord>
        <when>2025-02-26T19:18:22Z</when>
        <gx:coord>-93.22820145 17.35984326 888.13</gx:coord>
        <when>2025-02-26T19:18:28Z</when>
        <gx:coord>-93.22825205 17.3598575 887.72</gx:coord>
        <when>2025-02-26T19:18:34Z</when>
        <gx:coord>-93.22830612 17.35986215 888.94</gx:coord>
        <when>2025-02-26T19:18:43Z</when>
        <gx:coord>-93.22836014 17.3598693 889.16</gx:coord>
        <when>2025-02-26T19:18:48Z</when>
        <gx:coord>-93.2284104 17.35988524 889.68</gx:coord>
        <when>2025-02-26T19:18:53Z</when>
        <gx:coord>-93.22845599 17.35990807 890.21</gx:coord>
        <when>2025-02-26T19:19:01Z</when>
        <gx:coord>-93.22850841 17.35992074 890.11</gx:coord>
        <when>2025-02-26T19:19:08Z</when>
        <gx:coord>-93.22855521 17.35993614 891.74</gx:coord>
        <when>2025-02-26T19:19:19Z</when>
        <gx:coord>-93.22860216 17.35996071 891.75</gx:coord>
        <when>2025-02-26T19:19:28Z</when>
        <gx:coord>-93.22865669 17.35998046 890.75</gx:coord>
        <when>2025-02-26T19:19:33Z</when>
        <gx:coord>-93.22870394 17.36000079 889.79</gx:coord>
        <when>2025-02-26T19:19:41Z</when>
        <gx:coord>-93.22875307 17.36002385 888.59</gx:coord>
        <when>2025-02-26T19:19:46Z</when>
        <gx:coord>-93.22880096 17.36004795 888.56</gx:coord>
        <when>2025-02-26T19:19:53Z</when>
        <gx:coord>-93.22884575 17.3600678 887.79</gx:coord>
        <when>2025-02-26T19:19:59Z</when>
        <gx:coord>-93.22889744 17.3600833 887.24</gx:coord>
        <when>2025-02-26T19:20:10Z</when>
        <gx:coord>-93.22894212 17.36010348 886.58</gx:coord>
        <when>2025-02-26T19:20:19Z</when>
        <gx:coord>-93.22898572 17.36012635 885.93</gx:coord>
        <when>2025-02-26T19:20:24Z</when>
        <gx:coord>-93.2290296 17.36015232 885.53</gx:coord>
        <when>2025-02-26T19:20:33Z</when>
        <gx:coord>-93.22906872 17.36018209 885.15</gx:coord>
        <when>2025-02-26T19:20:43Z</when>
        <gx:coord>-93.22910914 17.36021487 886.2</gx:coord>
        <when>2025-02-26T19:20:47Z</when>
        <gx:coord>-93.22916487 17.36023124 886.09</gx:coord>
        <when>2025-02-26T19:20:53Z</when>
        <gx:coord>-93.22921009 17.3602476 885.93</gx:coord>
        <when>2025-02-26T19:21:00Z</when>
        <gx:coord>-93.22925889 17.36025981 884.94</gx:coord>
        <when>2025-02-26T19:21:07Z</when>
        <gx:coord>-93.22931463 17.36025539 883.12</gx:coord>
        <when>2025-02-26T19:21:12Z</when>
        <gx:coord>-93.22936114 17.36023797 881.42</gx:coord>
        <when>2025-02-26T19:21:17Z</when>
        <gx:coord>-93.22940936 17.36022816 879.78</gx:coord>
        <when>2025-02-26T19:21:26Z</when>
        <gx:coord>-93.22946133 17.36022627 880.36</gx:coord>
        <when>2025-02-26T19:21:34Z</when>
        <gx:coord>-93.22951258 17.36020834 882.06</gx:coord>
        <when>2025-02-26T19:21:42Z</when>
        <gx:coord>-93.22955025 17.36017411 881.54</gx:coord>
        <when>2025-02-26T19:21:48Z</when>
        <gx:coord>-93.22960669 17.36017945 880.98</gx:coord>
        <when>2025-02-26T19:21:53Z</when>
        <gx:coord>-93.22965593 17.36019243 881.83</gx:coord>
        <when>2025-02-26T19:22:03Z</when>
        <gx:coord>-93.22970586 17.36021133 883.98</gx:coord>
        <when>2025-02-26T19:22:07Z</when>
        <gx:coord>-93.22974719 17.36023528 884.17</gx:coord>
        <when>2025-02-26T19:22:15Z</when>
        <gx:coord>-93.22979923 17.3602519 884.47</gx:coord>
        <when>2025-02-26T19:22:19Z</when>
        <gx:coord>-93.22984993 17.36026063 884.28</gx:coord>
        <when>2025-02-26T19:22:24Z</when>
        <gx:coord>-93.22990393 17.36026197 884.37</gx:coord>
        <when>2025-02-26T19:22:32Z</when>
        <gx:coord>-93.22995294 17.36024993 886.34</gx:coord>
        <when>2025-02-26T19:22:38Z</when>
        <gx:coord>-93.2299989 17.36023712 887.12</gx:coord>
        <when>2025-02-26T19:22:43Z</when>
        <gx:coord>-93.23005038 17.36023036 886.59</gx:coord>
        <when>2025-02-26T19:22:48Z</when>
        <gx:coord>-93.23009826 17.36022419 886.13</gx:coord>
        <when>2025-02-26T19:22:53Z</when>
        <gx:coord>-93.23014603 17.36023112 884.83</gx:coord>
        <when>2025-02-26T19:23:00Z</when>
        <gx:coord>-93.23019073 17.36021678 884.98</gx:coord>
        <when>2025-02-26T19:23:06Z</when>
        <gx:coord>-93.23024692 17.36019869 885.02</gx:coord>
        <when>2025-02-26T19:23:11Z</when>
        <gx:coord>-93.23030079 17.36017801 884.28</gx:coord>
        <when>2025-02-26T19:23:15Z</when>
        <gx:coord>-93.23034435 17.36015425 884.02</gx:coord>
        <when>2025-02-26T19:23:20Z</when>
        <gx:coord>-93.23039137 17.36013935 883.54</gx:coord>
        <when>2025-02-26T19:23:26Z</when>
        <gx:coord>-93.23043919 17.36013506 885.32</gx:coord>
        <when>2025-02-26T19:23:31Z</when>
        <gx:coord>-93.23049084 17.36011334 885.72</gx:coord>
        <when>2025-02-26T19:23:48Z</when>
        <gx:coord>-93.23054834 17.36010319 885.4</gx:coord>
        <when>2025-02-26T19:24:06Z</when>
        <gx:coord>-93.23060258 17.3601156 885.03</gx:coord>
        <when>2025-02-26T19:24:23Z</when>
        <gx:coord>-93.2306401 17.36008804 885.66</gx:coord>
        <when>2025-02-26T19:24:35Z</when>
        <gx:coord>-93.23059358 17.36006984 885.9</gx:coord>
        <when>2025-02-26T19:24:41Z</when>
        <gx:coord>-93.23054316 17.36006137 886.01</gx:coord>
        <when>2025-02-26T19:24:49Z</when>
        <gx:coord>-93.23049576 17.36007553 884.8</gx:coord>
        <when>2025-02-26T19:24:56Z</when>
        <gx:coord>-93.23044812 17.36009333 883.65</gx:coord>
        <when>2025-02-26T19:25:01Z</when>
        <gx:coord>-93.23039578 17.36010555 883.84</gx:coord>
        <when>2025-02-26T19:25:06Z</when>
        <gx:coord>-93.23033923 17.36011592 884.9</gx:coord>
        <when>2025-02-26T19:25:11Z</when>
        <gx:coord>-93.23028802 17.36012462 885.1</gx:coord>
        <when>2025-02-26T19:25:21Z</when>
        <gx:coord>-93.23024541 17.36014422 884.13</gx:coord>
        <when>2025-02-26T19:25:27Z</when>
        <gx:coord>-93.23020043 17.36016148 883.03</gx:coord>
        <when>2025-02-26T19:25:35Z</when>
        <gx:coord>-93.23015749 17.36019228 881.04</gx:coord>
        <when>2025-02-26T19:25:40Z</when>
        <gx:coord>-93.23011826 17.36021841 880.91</gx:coord>
        <when>2025-02-26T19:25:45Z</when>
        <gx:coord>-93.23008281 17.36025233 880.83</gx:coord>
        <when>2025-02-26T19:25:56Z</when>
        <gx:coord>-93.23004061 17.36028735 881.01</gx:coord>
        <when>2025-02-26T19:26:02Z</when>
        <gx:coord>-93.2299936 17.36031583 881.62</gx:coord>
        <when>2025-02-26T19:26:08Z</when>
        <gx:coord>-93.22995252 17.36034074 882.2</gx:coord>
        <when>2025-02-26T19:26:15Z</when>
        <gx:coord>-93.22991057 17.36036518 882.1</gx:coord>
        <when>2025-02-26T19:26:21Z</when>
        <gx:coord>-93.22987134 17.36039574 881.34</gx:coord>
        <when>2025-02-26T19:26:27Z</when>
        <gx:coord>-93.22983001 17.36041852 882.01</gx:coord>
        <when>2025-02-26T19:26:33Z</when>
        <gx:coord>-93.22978092 17.3604434 881.89</gx:coord>
        <when>2025-02-26T19:26:40Z</when>
        <gx:coord>-93.22973578 17.36046359 880.41</gx:coord>
        <when>2025-02-26T19:26:46Z</when>
        <gx:coord>-93.22968248 17.36047434 880.06</gx:coord>
        <when>2025-02-26T19:26:53Z</when>
        <gx:coord>-93.22963266 17.3604917 880.69</gx:coord>
        <when>2025-02-26T19:27:00Z</when>
        <gx:coord>-93.22958822 17.3605191 880.28</gx:coord>
        <when>2025-02-26T19:27:08Z</when>
        <gx:coord>-93.22954493 17.36054287 880.15</gx:coord>
        <when>2025-02-26T19:27:14Z</when>
        <gx:coord>-93.22950567 17.36056979 879.66</gx:coord>
        <when>2025-02-26T19:27:25Z</when>
        <gx:coord>-93.22946587 17.3606049 879.28</gx:coord>
        <when>2025-02-26T19:27:32Z</when>
        <gx:coord>-93.2294215 17.36063107 879.25</gx:coord>
        <when>2025-02-26T19:27:41Z</when>
        <gx:coord>-93.22939143 17.36067089 878.33</gx:coord>
        <when>2025-02-26T19:27:47Z</when>
        <gx:coord>-93.229347 17.36070365 877.73</gx:coord>
        <when>2025-02-26T19:27:54Z</when>
        <gx:coord>-93.22929949 17.3607273 878.22</gx:coord>
        <when>2025-02-26T19:28:01Z</when>
        <gx:coord>-93.22925553 17.36075533 877.49</gx:coord>
        <when>2025-02-26T19:28:09Z</when>
        <gx:coord>-93.22921563 17.36078842 877.99</gx:coord>
        <when>2025-02-26T19:28:16Z</when>
        <gx:coord>-93.22916815 17.36081215 878.28</gx:coord>
        <when>2025-02-26T19:28:29Z</when>
        <gx:coord>-93.22912327 17.36084449 877.64</gx:coord>
        <when>2025-02-26T19:28:34Z</when>
        <gx:coord>-93.2290742 17.36087082 877.95</gx:coord>
        <when>2025-02-26T19:28:39Z</when>
        <gx:coord>-93.22903028 17.36089315 878.48</gx:coord>
        <when>2025-02-26T19:28:47Z</when>
        <gx:coord>-93.22897927 17.36092035 878.44</gx:coord>
        <when>2025-02-26T19:28:52Z</when>
        <gx:coord>-93.2289253 17.36093775 879.38</gx:coord>
        <when>2025-02-26T19:28:58Z</when>
        <gx:coord>-93.22887723 17.36095364 880.18</gx:coord>
        <when>2025-02-26T19:29:05Z</when>
        <gx:coord>-93.22882895 17.36097405 879.8</gx:coord>
        <when>2025-02-26T19:29:13Z</when>
        <gx:coord>-93.2287811 17.36099884 878.69</gx:coord>
        <when>2025-02-26T19:29:21Z</when>
        <gx:coord>-93.22873951 17.36102146 878.74</gx:coord>
        <when>2025-02-26T19:31:22Z</when>
        <gx:coord>-93.22869982 17.36103365 879.56</gx:coord>
        <when>2025-02-26T19:31:27Z</when>
        <gx:coord>-93.22864981 17.36106337 881.64</gx:coord>
        <when>2025-02-26T19:31:31Z</when>
        <gx:coord>-93.22859857 17.36108578 885.09</gx:coord>
        <when>2025-02-26T19:31:35Z</when>
        <gx:coord>-93.22854729 17.36110631 886.36</gx:coord>
        <when>2025-02-26T19:31:40Z</when>
        <gx:coord>-93.22849791 17.3611305 886.4</gx:coord>
        <when>2025-02-26T19:31:45Z</when>
        <gx:coord>-93.22845094 17.36115544 885.41</gx:coord>
        <when>2025-02-26T19:31:51Z</when>
        <gx:coord>-93.22841376 17.36119224 884.81</gx:coord>
        <when>2025-02-26T19:31:57Z</when>
        <gx:coord>-93.22838464 17.36122783 883.4</gx:coord>
        <when>2025-02-26T19:32:05Z</when>
        <gx:coord>-93.22836171 17.36126839 882.99</gx:coord>
        <when>2025-02-26T19:32:13Z</when>
        <gx:coord>-93.22836036 17.36131838 882.32</gx:coord>
        <when>2025-02-26T19:32:21Z</when>
        <gx:coord>-93.22835101 17.36136384 881.93</gx:coord>
        <when>2025-02-26T19:32:30Z</when>
        <gx:coord>-93.22832415 17.3614102 881.6</gx:coord>
        <when>2025-02-26T19:32:36Z</when>
        <gx:coord>-93.2282962 17.36144671 880.2</gx:coord>
        <when>2025-02-26T19:32:45Z</when>
        <gx:coord>-93.2282772 17.36149379 881.74</gx:coord>
        <when>2025-02-26T19:32:58Z</when>
        <gx:coord>-93.22824649 17.36153775 881.32</gx:coord>
        <when>2025-02-26T19:33:16Z</when>
        <gx:coord>-93.22819734 17.36153718 881.28</gx:coord>
        <when>2025-02-26T19:33:23Z</when>
        <gx:coord>-93.22820263 17.36148361 881.79</gx:coord>
        <when>2025-02-26T19:33:31Z</when>
        <gx:coord>-93.22819029 17.36143476 881.57</gx:coord>
        <when>2025-02-26T19:33:39Z</when>
        <gx:coord>-93.22818348 17.36138866 883.33</gx:coord>
        <when>2025-02-26T19:33:45Z</when>
        <gx:coord>-93.22816718 17.36134328 883.96</gx:coord>
        <when>2025-02-26T19:33:51Z</when>
        <gx:coord>-93.22816743 17.3612952 884.23</gx:coord>
        <when>2025-02-26T19:33:57Z</when>
        <gx:coord>-93.22819261 17.36124923 884.08</gx:coord>
        <when>2025-02-26T19:34:03Z</when>
        <gx:coord>-93.2282078 17.36120487 882.41</gx:coord>
        <when>2025-02-26T19:34:10Z</when>
        <gx:coord>-93.22819236 17.36115941 880.24</gx:coord>
        <when>2025-02-26T19:34:29Z</when>
        <gx:coord>-93.22816735 17.36111561 879.68</gx:coord>
        <when>2025-02-26T19:34:34Z</when>
        <gx:coord>-93.2281403 17.36107412 880.01</gx:coord>
        <when>2025-02-26T19:34:41Z</when>
        <gx:coord>-93.2281216 17.36102181 881</gx:coord>
        <when>2025-02-26T19:34:45Z</when>
        <gx:coord>-93.22811389 17.3609759 881.17</gx:coord>
        <when>2025-02-26T19:34:53Z</when>
        <gx:coord>-93.2281455 17.36093131 881.82</gx:coord>
        <when>2025-02-26T19:35:00Z</when>
        <gx:coord>-93.22818524 17.36089746 884.75</gx:coord>
        <when>2025-02-26T19:35:05Z</when>
        <gx:coord>-93.22820063 17.36085462 885.78</gx:coord>
        <when>2025-02-26T19:35:11Z</when>
        <gx:coord>-93.22820843 17.36080488 884.84</gx:coord>
        <when>2025-02-26T19:35:17Z</when>
        <gx:coord>-93.22820601 17.36075918 882.98</gx:coord>
        <when>2025-02-26T19:35:22Z</when>
        <gx:coord>-93.22818219 17.36071992 881.6</gx:coord>
        <when>2025-02-26T19:35:28Z</when>
        <gx:coord>-93.22815671 17.3606714 880.24</gx:coord>
        <when>2025-02-26T19:35:34Z</when>
        <gx:coord>-93.22813853 17.36062516 879.32</gx:coord>
        <when>2025-02-26T19:35:43Z</when>
        <gx:coord>-93.22813273 17.36057772 878.69</gx:coord>
        <when>2025-02-26T19:35:51Z</when>
        <gx:coord>-93.22812694 17.3605268 879.15</gx:coord>
        <when>2025-02-26T19:35:58Z</when>
        <gx:coord>-93.22813553 17.36047913 878.94</gx:coord>
        <when>2025-02-26T19:36:08Z</when>
        <gx:coord>-93.22814975 17.36043211 879.32</gx:coord>
        <when>2025-02-26T19:36:16Z</when>
        <gx:coord>-93.22812107 17.36038511 878.55</gx:coord>
        <when>2025-02-26T19:36:21Z</when>
        <gx:coord>-93.22810313 17.36034281 878.69</gx:coord>
        <when>2025-02-26T19:36:27Z</when>
        <gx:coord>-93.22808481 17.36029516 879.01</gx:coord>
        <when>2025-02-26T19:37:08Z</when>
        <gx:coord>-93.22805111 17.36026103 876.69</gx:coord>
        <when>2025-02-26T19:37:12Z</when>
        <gx:coord>-93.22802613 17.36022116 877.58</gx:coord>
        <when>2025-02-26T19:37:16Z</when>
        <gx:coord>-93.22799499 17.36017678 877.98</gx:coord>
        <when>2025-02-26T19:37:20Z</when>
        <gx:coord>-93.22796943 17.36013412 878.61</gx:coord>
        <when>2025-02-26T19:37:24Z</when>
        <gx:coord>-93.22795523 17.36007889 879.35</gx:coord>
        <when>2025-02-26T19:37:28Z</when>
        <gx:coord>-93.22793707 17.36003045 879.46</gx:coord>
        <when>2025-02-26T19:37:33Z</when>
        <gx:coord>-93.22791628 17.35998616 879.86</gx:coord>
        <when>2025-02-26T19:37:39Z</when>
        <gx:coord>-93.2278927 17.35994414 880.63</gx:coord>
        <when>2025-02-26T19:37:59Z</when>
        <gx:coord>-93.22785525 17.35991017 881.44</gx:coord>
        <when>2025-02-26T19:38:15Z</when>
        <gx:coord>-93.22780777 17.35992141 881.44</gx:coord>
        <when>2025-02-26T19:38:37Z</when>
        <gx:coord>-93.22777101 17.35995275 881.92</gx:coord>
        <when>2025-02-26T19:38:41Z</when>
        <gx:coord>-93.22773282 17.35998394 882.12</gx:coord>
        <when>2025-02-26T19:38:45Z</when>
        <gx:coord>-93.22769517 17.3600242 882.14</gx:coord>
        <when>2025-02-26T19:38:50Z</when>
        <gx:coord>-93.22766651 17.36006766 881.2</gx:coord>
        <when>2025-02-26T19:38:56Z</when>
        <gx:coord>-93.22765361 17.36011562 879.02</gx:coord>
        <when>2025-02-26T19:39:05Z</when>
        <gx:coord>-93.22766413 17.3601635 876.6</gx:coord>
        <when>2025-02-26T19:39:11Z</when>
        <gx:coord>-93.22768166 17.36020902 875.89</gx:coord>
        <when>2025-02-26T19:39:26Z</when>
        <gx:coord>-93.22769617 17.36025579 876.3</gx:coord>
        <when>2025-02-26T19:39:34Z</when>
        <gx:coord>-93.22769641 17.36030346 877.7</gx:coord>
        <when>2025-02-26T19:39:43Z</when>
        <gx:coord>-93.22767529 17.36034582 878.58</gx:coord>
        <when>2025-02-26T19:39:51Z</when>
        <gx:coord>-93.22764654 17.3603902 879.76</gx:coord>
        <when>2025-02-26T19:39:58Z</when>
        <gx:coord>-93.2276374 17.3604396 878.92</gx:coord>
        <when>2025-02-26T19:40:14Z</when>
        <gx:coord>-93.22765962 17.36048192 879.01</gx:coord>
        <when>2025-02-26T19:40:21Z</when>
        <gx:coord>-93.22767129 17.36052958 879.73</gx:coord>
        <when>2025-02-26T19:40:27Z</when>
        <gx:coord>-93.22767383 17.36057605 879.27</gx:coord>
        <when>2025-02-26T19:41:02Z</when>
        <gx:coord>-93.22765396 17.36062319 877.32</gx:coord>
        <when>2025-02-26T19:41:05Z</when>
        <gx:coord>-93.22763377 17.36066909 878.29</gx:coord>
        <when>2025-02-26T19:41:10Z</when>
        <gx:coord>-93.22762234 17.36071668 878.54</gx:coord>
        <when>2025-02-26T19:42:10Z</when>
        <gx:coord>-93.22762511 17.36077975 876.72</gx:coord>
        <when>2025-02-26T19:42:12Z</when>
        <gx:coord>-93.22763142 17.36083015 876.23</gx:coord>
        <when>2025-02-26T19:42:15Z</when>
        <gx:coord>-93.2276323 17.36088536 875.07</gx:coord>
        <when>2025-02-26T19:42:19Z</when>
        <gx:coord>-93.22765443 17.36093617 872.23</gx:coord>
        <when>2025-02-26T19:42:25Z</when>
        <gx:coord>-93.22769674 17.36096084 872.7</gx:coord>
        <when>2025-02-26T19:42:34Z</when>
        <gx:coord>-93.22774315 17.36097224 873.15</gx:coord>
        <when>2025-02-26T19:42:46Z</when>
        <gx:coord>-93.22779216 17.36099842 874.38</gx:coord>
        <when>2025-02-26T19:43:17Z</when>
        <gx:coord>-93.2278415 17.36102621 874.43</gx:coord>
        <when>2025-02-26T19:43:20Z</when>
        <gx:coord>-93.22788604 17.36105675 875.3</gx:coord>
        <when>2025-02-26T19:43:56Z</when>
        <gx:coord>-93.22794856 17.36110604 875.8</gx:coord>
        <when>2025-02-26T19:45:57Z</when>
        <gx:coord>-93.22797204 17.3611231 875.77</gx:coord>
        <when>2025-02-26T19:47:58Z</when>
        <gx:coord>-93.22797204 17.3611231 875.77</gx:coord>
        <when>2025-02-26T19:48:35Z</when>
        <gx:coord>-93.22801935 17.36116246 876.12</gx:coord>
        <when>2025-02-26T19:50:02Z</when>
        <gx:coord>-93.22808438 17.36119488 877.22</gx:coord>
        <when>2025-02-26T19:50:04Z</when>
        <gx:coord>-93.22814118 17.36122911 877.58</gx:coord>
        <when>2025-02-26T19:50:06Z</when>
        <gx:coord>-93.22819207 17.36126094 878.56</gx:coord>
        <when>2025-02-26T19:50:28Z</when>
        <gx:coord>-93.22825313 17.36127345 878.43</gx:coord>
        <when>2025-02-26T19:50:37Z</when>
        <gx:coord>-93.22830496 17.36126995 878.25</gx:coord>
        <when>2025-02-26T19:50:42Z</when>
        <gx:coord>-93.22835548 17.3612682 877.21</gx:coord>
        <when>2025-02-26T19:50:48Z</when>
        <gx:coord>-93.22839864 17.36124883 876.69</gx:coord>
        <when>2025-02-26T19:51:43Z</when>
        <gx:coord>-93.22846109 17.36121962 876.91</gx:coord>
        <when>2025-02-26T19:51:45Z</when>
        <gx:coord>-93.22853136 17.36122802 877.07</gx:coord>
        <when>2025-02-26T19:51:48Z</when>
        <gx:coord>-93.22859979 17.36123044 876.83</gx:coord>
        <when>2025-02-26T19:51:52Z</when>
        <gx:coord>-93.22864714 17.36122253 875.84</gx:coord>
        <when>2025-02-26T19:52:01Z</when>
        <gx:coord>-93.22870278 17.36122523 875.42</gx:coord>
        <when>2025-02-26T19:52:07Z</when>
        <gx:coord>-93.22875456 17.36122901 876.44</gx:coord>
        <when>2025-02-26T19:52:12Z</when>
        <gx:coord>-93.22880966 17.36124642 876.77</gx:coord>
        <when>2025-02-26T19:52:17Z</when>
        <gx:coord>-93.22885748 17.36125285 877.03</gx:coord>
        <when>2025-02-26T19:52:24Z</when>
        <gx:coord>-93.22890971 17.36124428 876.21</gx:coord>
        <when>2025-02-26T19:52:29Z</when>
        <gx:coord>-93.22896378 17.36124583 874.28</gx:coord>
        <when>2025-02-26T19:52:34Z</when>
        <gx:coord>-93.22900932 17.36126091 873.2</gx:coord>
        <when>2025-02-26T19:52:44Z</when>
        <gx:coord>-93.22906205 17.36126259 870.96</gx:coord>
        <when>2025-02-26T19:52:54Z</when>
        <gx:coord>-93.22910911 17.36127139 870.93</gx:coord>
        <when>2025-02-26T19:53:08Z</when>
        <gx:coord>-93.22915353 17.36128758 869.46</gx:coord>
        <when>2025-02-26T19:53:14Z</when>
        <gx:coord>-93.22920248 17.36130243 866.81</gx:coord>
        <when>2025-02-26T19:53:23Z</when>
        <gx:coord>-93.22925497 17.36131104 866.04</gx:coord>
        <when>2025-02-26T19:54:48Z</when>
        <gx:coord>-93.22930159 17.36132211 865.96</gx:coord>
        <when>2025-02-26T19:54:53Z</when>
        <gx:coord>-93.22935734 17.36131193 866.64</gx:coord>
        <when>2025-02-26T19:54:58Z</when>
        <gx:coord>-93.22941321 17.3613005 867.15</gx:coord>
        <when>2025-02-26T19:55:02Z</when>
        <gx:coord>-93.22946583 17.36129746 867.68</gx:coord>
        <when>2025-02-26T19:55:08Z</when>
        <gx:coord>-93.22951578 17.3612938 868.19</gx:coord>
        <when>2025-02-26T19:55:12Z</when>
        <gx:coord>-93.22956507 17.36128101 867.29</gx:coord>
        <when>2025-02-26T19:55:17Z</when>
        <gx:coord>-93.22962302 17.36127309 865.6</gx:coord>
        <when>2025-02-26T19:55:22Z</when>
        <gx:coord>-93.22967206 17.36125427 866.66</gx:coord>
        <when>2025-02-26T19:55:28Z</when>
        <gx:coord>-93.22971712 17.36123249 868.88</gx:coord>
        <when>2025-02-26T19:55:35Z</when>
        <gx:coord>-93.22976207 17.36121555 869.13</gx:coord>
        <when>2025-02-26T19:55:49Z</when>
        <gx:coord>-93.2298101 17.36118995 868.61</gx:coord>
        <when>2025-02-26T19:55:57Z</when>
        <gx:coord>-93.2298541 17.36116848 869.96</gx:coord>
        <when>2025-02-26T19:56:02Z</when>
        <gx:coord>-93.22990254 17.36114161 870.16</gx:coord>
        <when>2025-02-26T19:56:08Z</when>
        <gx:coord>-93.22995893 17.36113371 870.21</gx:coord>
        <when>2025-02-26T19:56:14Z</when>
        <gx:coord>-93.23000374 17.36110515 872.08</gx:coord>
        <when>2025-02-26T19:56:20Z</when>
        <gx:coord>-93.23003956 17.36107012 873.74</gx:coord>
        <when>2025-02-26T19:56:28Z</when>
        <gx:coord>-93.23006371 17.36102861 873.35</gx:coord>
        <when>2025-02-26T19:56:37Z</when>
        <gx:coord>-93.23010133 17.36099364 873.79</gx:coord>
        <when>2025-02-26T19:56:45Z</when>
        <gx:coord>-93.23013921 17.36096525 875.5</gx:coord>
        <when>2025-02-26T19:56:50Z</when>
        <gx:coord>-93.23018971 17.36095901 874.66</gx:coord>
        <when>2025-02-26T19:57:01Z</when>
        <gx:coord>-93.23024524 17.36095163 872.62</gx:coord>
        <when>2025-02-26T19:57:07Z</when>
        <gx:coord>-93.23029197 17.36093834 873.32</gx:coord>
        <when>2025-02-26T19:57:11Z</when>
        <gx:coord>-93.23034179 17.36092822 874.97</gx:coord>
        <when>2025-02-26T19:57:16Z</when>
        <gx:coord>-93.23038846 17.36091008 876.65</gx:coord>
        <when>2025-02-26T19:57:20Z</when>
        <gx:coord>-93.23045202 17.36090125 878.6</gx:coord>
        <when>2025-02-26T19:57:41Z</when>
        <gx:coord>-93.23050173 17.36088123 879.09</gx:coord>
        <when>2025-02-26T19:57:52Z</when>
        <gx:coord>-93.23055604 17.36087853 877.9</gx:coord>
        <when>2025-02-26T19:58:00Z</when>
        <gx:coord>-93.23060275 17.36087145 878.08</gx:coord>
        <when>2025-02-26T19:58:19Z</when>
        <gx:coord>-93.23065703 17.36084897 878.05</gx:coord>
        <when>2025-02-26T19:58:23Z</when>
        <gx:coord>-93.23070222 17.36082967 877.62</gx:coord>
        <when>2025-02-26T19:58:27Z</when>
        <gx:coord>-93.23075622 17.36081143 877.97</gx:coord>
        <when>2025-02-26T19:58:32Z</when>
        <gx:coord>-93.23080108 17.3607911 877.6</gx:coord>
        <when>2025-02-26T19:58:41Z</when>
        <gx:coord>-93.23085173 17.3607745 876.64</gx:coord>
        <when>2025-02-26T19:58:56Z</when>
        <gx:coord>-93.23090472 17.36076991 875.57</gx:coord>
        <when>2025-02-26T20:00:03Z</when>
        <gx:coord>-93.23096291 17.36080021 874.91</gx:coord>
        <when>2025-02-26T20:02:04Z</when>
        <gx:coord>-93.23097868 17.36080655 874.81</gx:coord>
        <when>2025-02-26T20:02:25Z</when>
        <gx:coord>-93.23098287 17.36075448 874.82</gx:coord>
        <when>2025-02-26T20:02:49Z</when>
        <gx:coord>-93.23096429 17.36070495 875.4</gx:coord>
        <when>2025-02-26T20:02:51Z</when>
        <gx:coord>-93.23094406 17.36065587 876.19</gx:coord>
        <when>2025-02-26T20:02:54Z</when>
        <gx:coord>-93.23092147 17.36061466 875.93</gx:coord>
        <when>2025-02-26T20:03:05Z</when>
        <gx:coord>-93.23089808 17.36057394 875.94</gx:coord>
        <when>2025-02-26T20:03:12Z</when>
        <gx:coord>-93.23086746 17.36053486 875.59</gx:coord>
        <when>2025-02-26T20:03:20Z</when>
        <gx:coord>-93.23084023 17.36048804 875.52</gx:coord>
        <when>2025-02-26T20:03:27Z</when>
        <gx:coord>-93.23080858 17.3604541 875.93</gx:coord>
        <when>2025-02-26T20:03:35Z</when>
        <gx:coord>-93.23076829 17.36040472 875.78</gx:coord>
        <when>2025-02-26T20:03:45Z</when>
        <gx:coord>-93.23073953 17.3603617 875.73</gx:coord>
        <when>2025-02-26T20:03:54Z</when>
        <gx:coord>-93.23072079 17.36030972 877.19</gx:coord>
        <when>2025-02-26T20:04:02Z</when>
        <gx:coord>-93.23070761 17.36026019 877.83</gx:coord>
        <when>2025-02-26T20:04:14Z</when>
        <gx:coord>-93.23068533 17.36021044 878.5</gx:coord>
        <when>2025-02-26T20:04:22Z</when>
        <gx:coord>-93.23067369 17.36016048 879.39</gx:coord>
        <when>2025-02-26T20:04:51Z</when>
        <gx:coord>-93.23067782 17.36010883 877.89</gx:coord>
        <when>2025-02-26T20:05:04Z</when>
        <gx:coord>-93.23068444 17.36005705 877.4</gx:coord>
        <when>2025-02-26T20:05:18Z</when>
        <gx:coord>-93.23068671 17.3600076 877.48</gx:coord>
        <when>2025-02-26T20:05:24Z</when>
        <gx:coord>-93.23068916 17.35996058 877.86</gx:coord>
        <when>2025-02-26T20:05:28Z</when>
        <gx:coord>-93.23069198 17.35990258 876.87</gx:coord>
        <when>2025-02-26T20:05:33Z</when>
        <gx:coord>-93.23068937 17.35985298 875.82</gx:coord>
        <when>2025-02-26T20:05:42Z</when>
        <gx:coord>-93.23068203 17.35979935 876.61</gx:coord>
        <when>2025-02-26T20:05:46Z</when>
        <gx:coord>-93.23067652 17.35975201 878.12</gx:coord>
        <when>2025-02-26T20:05:52Z</when>
        <gx:coord>-93.23066985 17.35970251 877.9</gx:coord>
        <when>2025-02-26T20:05:58Z</when>
        <gx:coord>-93.23065494 17.35965123 877.18</gx:coord>
        <when>2025-02-26T20:06:18Z</when>
        <gx:coord>-93.23064674 17.35959585 877.99</gx:coord>
        <when>2025-02-26T20:06:27Z</when>
        <gx:coord>-93.23063587 17.35954721 877.34</gx:coord>
        <when>2025-02-26T20:06:41Z</when>
        <gx:coord>-93.23062384 17.3595019 876.15</gx:coord>
        <when>2025-02-26T20:06:58Z</when>
        <gx:coord>-93.23060462 17.35945677 874.15</gx:coord>
        <when>2025-02-26T20:07:03Z</when>
        <gx:coord>-93.23060008 17.35940553 872.88</gx:coord>
        <when>2025-02-26T20:07:08Z</when>
        <gx:coord>-93.23058163 17.35935701 872.5</gx:coord>
        <when>2025-02-26T20:08:55Z</when>
        <gx:coord>-93.23053767 17.35931878 872.3</gx:coord>
        <when>2025-02-26T20:08:57Z</when>
        <gx:coord>-93.23048248 17.35930135 871.93</gx:coord>
        <when>2025-02-26T20:08:59Z</when>
        <gx:coord>-93.23043342 17.35927455 871.28</gx:coord>
        <when>2025-02-26T20:09:02Z</when>
        <gx:coord>-93.23038909 17.3592429 871.64</gx:coord>
        <when>2025-02-26T20:09:07Z</when>
        <gx:coord>-93.23034007 17.35921976 870.99</gx:coord>
        <when>2025-02-26T20:09:13Z</when>
        <gx:coord>-93.2302881 17.35921341 870.4</gx:coord>
        <when>2025-02-26T20:09:22Z</when>
        <gx:coord>-93.23023469 17.35920135 871.36</gx:coord>
        <when>2025-02-26T20:09:29Z</when>
        <gx:coord>-93.230188 17.35918671 871.47</gx:coord>
        <when>2025-02-26T20:09:34Z</when>
        <gx:coord>-93.23014031 17.35917631 871.18</gx:coord>
        <when>2025-02-26T20:09:43Z</when>
        <gx:coord>-93.23009541 17.35916081 872.02</gx:coord>
        <when>2025-02-26T20:09:57Z</when>
        <gx:coord>-93.23004469 17.35915178 872.09</gx:coord>
        <when>2025-02-26T20:10:02Z</when>
        <gx:coord>-93.22998857 17.35915218 870.49</gx:coord>
        <when>2025-02-26T20:10:10Z</when>
        <gx:coord>-93.22993694 17.35915176 869.92</gx:coord>
        <when>2025-02-26T20:10:15Z</when>
        <gx:coord>-93.22988918 17.35914589 869.51</gx:coord>
        <when>2025-02-26T20:10:19Z</when>
        <gx:coord>-93.22983486 17.35913832 869.4</gx:coord>
        <when>2025-02-26T20:10:25Z</when>
        <gx:coord>-93.22978026 17.35913394 869</gx:coord>
        <when>2025-02-26T20:10:30Z</when>
        <gx:coord>-93.22972094 17.35913079 868.21</gx:coord>
        <when>2025-02-26T20:10:35Z</when>
        <gx:coord>-93.2296747 17.35912154 867.46</gx:coord>
        <when>2025-02-26T20:10:43Z</when>
        <gx:coord>-93.22962544 17.35911345 867.34</gx:coord>
        <when>2025-02-26T20:11:04Z</when>
        <gx:coord>-93.22957364 17.35912903 866.48</gx:coord>
        <when>2025-02-26T20:11:08Z</when>
        <gx:coord>-93.22952431 17.35914121 867.45</gx:coord>
        <when>2025-02-26T20:11:12Z</when>
        <gx:coord>-93.2294781 17.35915266 867.61</gx:coord>
        <when>2025-02-26T20:11:19Z</when>
        <gx:coord>-93.22943084 17.35915655 867</gx:coord>
        <when>2025-02-26T20:11:24Z</when>
        <gx:coord>-93.22937361 17.35915676 865.62</gx:coord>
        <when>2025-02-26T20:11:32Z</when>
        <gx:coord>-93.22931665 17.35915808 865.89</gx:coord>
        <when>2025-02-26T20:11:39Z</when>
        <gx:coord>-93.22926311 17.35915394 865.91</gx:coord>
        <when>2025-02-26T20:11:47Z</when>
        <gx:coord>-93.22921311 17.35914239 866.42</gx:coord>
        <when>2025-02-26T20:12:25Z</when>
        <gx:coord>-93.22916219 17.35914929 867.16</gx:coord>
        <when>2025-02-26T20:13:35Z</when>
        <gx:coord>-93.22910674 17.35912502 867.76</gx:coord>
        <when>2025-02-26T20:13:38Z</when>
        <gx:coord>-93.22905666 17.35911474 867.68</gx:coord>
        <when>2025-02-26T20:13:44Z</when>
        <gx:coord>-93.22900643 17.35909915 867.61</gx:coord>
        <when>2025-02-26T20:13:47Z</when>
        <gx:coord>-93.22894986 17.35908169 867.78</gx:coord>
        <when>2025-02-26T20:13:51Z</when>
        <gx:coord>-93.22890005 17.35907586 867.71</gx:coord>
        <when>2025-02-26T20:13:55Z</when>
        <gx:coord>-93.22884233 17.35908294 867.84</gx:coord>
        <when>2025-02-26T20:14:01Z</when>
        <gx:coord>-93.228789 17.35908773 867.97</gx:coord>
        <when>2025-02-26T20:14:16Z</when>
        <gx:coord>-93.22874205 17.35909993 868.02</gx:coord>
        <when>2025-02-26T20:14:25Z</when>
        <gx:coord>-93.228691 17.35911416 868.54</gx:coord>
        <when>2025-02-26T20:14:28Z</when>
        <gx:coord>-93.22864118 17.35911706 868.41</gx:coord>
        <when>2025-02-26T20:14:31Z</when>
        <gx:coord>-93.22858447 17.35911558 868.57</gx:coord>
        <when>2025-02-26T20:14:42Z</when>
        <gx:coord>-93.22855422 17.35915064 868.74</gx:coord>
        <when>2025-02-26T20:14:46Z</when>
        <gx:coord>-93.22851584 17.35917815 868.74</gx:coord>
        <when>2025-02-26T20:14:56Z</when>
        <gx:coord>-93.22845787 17.3592112 867.43</gx:coord>
        <when>2025-02-26T20:14:58Z</when>
        <gx:coord>-93.2284025 17.35923423 864.84</gx:coord>
        <when>2025-02-26T20:15:25Z</when>
        <gx:coord>-93.22835305 17.35923865 862.73</gx:coord>
        <when>2025-02-26T20:15:31Z</when>
        <gx:coord>-93.22830997 17.35925891 863.37</gx:coord>
        <when>2025-02-26T20:15:39Z</when>
        <gx:coord>-93.22826287 17.35928494 864.18</gx:coord>
        <when>2025-02-26T20:15:47Z</when>
        <gx:coord>-93.22821341 17.35929773 864.73</gx:coord>
        <when>2025-02-26T20:15:52Z</when>
        <gx:coord>-93.22816101 17.35930958 865.12</gx:coord>
        <when>2025-02-26T20:15:57Z</when>
        <gx:coord>-93.22810773 17.35931736 864.75</gx:coord>
        <when>2025-02-26T20:16:03Z</when>
        <gx:coord>-93.22805884 17.35934218 866.64</gx:coord>
        <when>2025-02-26T20:16:10Z</when>
        <gx:coord>-93.22801702 17.35937309 869.85</gx:coord>
        <when>2025-02-26T20:18:11Z</when>
        <gx:coord>-93.22798289 17.35938698 870.71</gx:coord>
        <when>2025-02-26T20:18:37Z</when>
        <gx:coord>-93.22802126 17.35941798 870.82</gx:coord>
        <when>2025-02-26T20:18:47Z</when>
        <gx:coord>-93.22805681 17.35946036 870.8</gx:coord>
        <when>2025-02-26T20:18:52Z</when>
        <gx:coord>-93.22808331 17.35950671 871.48</gx:coord>
        <when>2025-02-26T20:18:57Z</when>
        <gx:coord>-93.22810976 17.3595537 872.03</gx:coord>
        <when>2025-02-26T20:19:05Z</when>
        <gx:coord>-93.22812928 17.35960008 871.92</gx:coord>
        <when>2025-02-26T20:19:13Z</when>
        <gx:coord>-93.22816216 17.35964047 871.33</gx:coord>
        <when>2025-02-26T20:19:18Z</when>
        <gx:coord>-93.22819652 17.35967445 871.17</gx:coord>
        <when>2025-02-26T20:19:26Z</when>
        <gx:coord>-93.22823457 17.35970753 872.28</gx:coord>
        <when>2025-02-26T20:19:33Z</when>
        <gx:coord>-93.22825459 17.35975286 873.14</gx:coord>
        <when>2025-02-26T20:19:39Z</when>
        <gx:coord>-93.22826303 17.35979851 873.02</gx:coord>
        <when>2025-02-26T20:19:47Z</when>
        <gx:coord>-93.22828035 17.35984238 872.4</gx:coord>
        <when>2025-02-26T20:19:55Z</when>
        <gx:coord>-93.22831546 17.35987887 871.51</gx:coord>
        <when>2025-02-26T20:20:02Z</when>
        <gx:coord>-93.22835722 17.3599083 871.34</gx:coord>
        <when>2025-02-26T20:20:10Z</when>
        <gx:coord>-93.22839778 17.35993223 870.92</gx:coord>
        <when>2025-02-26T20:20:20Z</when>
        <gx:coord>-93.22844154 17.35995771 871.51</gx:coord>
        <when>2025-02-26T20:20:25Z</when>
        <gx:coord>-93.22848596 17.35997528 871.82</gx:coord>
        <when>2025-02-26T20:20:31Z</when>
        <gx:coord>-93.22853865 17.35998829 871.91</gx:coord>
        <when>2025-02-26T20:20:47Z</when>
        <gx:coord>-93.22859202 17.35999298 872.75</gx:coord>
        <when>2025-02-26T20:21:03Z</when>
        <gx:coord>-93.22863484 17.36002564 873.2</gx:coord>
        <when>2025-02-26T20:21:07Z</when>
        <gx:coord>-93.2286685 17.36006359 873.38</gx:coord>
        <when>2025-02-26T20:21:11Z</when>
        <gx:coord>-93.22870809 17.36010014 873.48</gx:coord>
        <when>2025-02-26T20:21:15Z</when>
        <gx:coord>-93.22874331 17.36013083 873.72</gx:coord>
        <when>2025-02-26T20:21:19Z</when>
        <gx:coord>-93.22878007 17.36015917 873.99</gx:coord>
        <when>2025-02-26T20:21:30Z</when>
        <gx:coord>-93.22881614 17.36019138 872.69</gx:coord>
        <when>2025-02-26T20:21:37Z</when>
        <gx:coord>-93.2288498 17.3602296 871.67</gx:coord>
        <when>2025-02-26T20:21:44Z</when>
        <gx:coord>-93.22887215 17.36027096 871.14</gx:coord>
        <when>2025-02-26T20:21:52Z</when>
        <gx:coord>-93.228899 17.36031348 872.13</gx:coord>
        <when>2025-02-26T20:21:58Z</when>
        <gx:coord>-93.2289308 17.36036023 872.03</gx:coord>
        <when>2025-02-26T20:22:03Z</when>
        <gx:coord>-93.22896648 17.36040388 871.99</gx:coord>
        <when>2025-02-26T20:22:14Z</when>
        <gx:coord>-93.22901106 17.36043526 870.96</gx:coord>
        <when>2025-02-26T20:22:18Z</when>
        <gx:coord>-93.22905235 17.36047028 870.05</gx:coord>
        <when>2025-02-26T20:22:22Z</when>
        <gx:coord>-93.22909203 17.36049693 869.28</gx:coord>
        <when>2025-02-26T20:22:26Z</when>
        <gx:coord>-93.22913164 17.3605262 868.95</gx:coord>
        <when>2025-02-26T20:22:30Z</when>
        <gx:coord>-93.22917299 17.36054936 868.91</gx:coord>
        <when>2025-02-26T20:22:36Z</when>
        <gx:coord>-93.22921685 17.36056735 868.63</gx:coord>
        <when>2025-02-26T20:22:44Z</when>
        <gx:coord>-93.22924947 17.36060142 871.53</gx:coord>
        <when>2025-02-26T20:23:17Z</when>
        <gx:coord>-93.22927094 17.36064252 871.7</gx:coord>
        <when>2025-02-26T20:23:29Z</when>
        <gx:coord>-93.22931369 17.36067639 871.38</gx:coord>
        <when>2025-02-26T20:23:33Z</when>
        <gx:coord>-93.22935001 17.36070776 871.99</gx:coord>
        <when>2025-02-26T20:23:42Z</when>
        <gx:coord>-93.22939655 17.36072974 872.98</gx:coord>
        <when>2025-02-26T20:23:48Z</when>
        <gx:coord>-93.22944906 17.36074285 873.48</gx:coord>
        <when>2025-02-26T20:23:53Z</when>
        <gx:coord>-93.22949214 17.36076211 873.57</gx:coord>
        <when>2025-02-26T20:23:57Z</when>
        <gx:coord>-93.22953473 17.36079045 873.23</gx:coord>
        <when>2025-02-26T20:24:01Z</when>
        <gx:coord>-93.22957266 17.36081876 873.02</gx:coord>
        <when>2025-02-26T20:24:06Z</when>
        <gx:coord>-93.22961536 17.36084838 872.93</gx:coord>
        <when>2025-02-26T20:24:10Z</when>
        <gx:coord>-93.22965839 17.36087341 873.03</gx:coord>
        <when>2025-02-26T20:24:16Z</when>
        <gx:coord>-93.22970707 17.36088229 872.4</gx:coord>
        <when>2025-02-26T20:24:24Z</when>
        <gx:coord>-93.2297625 17.36088732 872.86</gx:coord>
        <when>2025-02-26T20:24:32Z</when>
        <gx:coord>-93.2298137 17.36089343 873.27</gx:coord>
        <when>2025-02-26T20:24:37Z</when>
        <gx:coord>-93.22986026 17.36090737 873.43</gx:coord>
        <when>2025-02-26T20:24:42Z</when>
        <gx:coord>-93.22990863 17.36092573 873.06</gx:coord>
        <when>2025-02-26T20:24:51Z</when>
        <gx:coord>-93.22995281 17.36095336 872.53</gx:coord>
        <when>2025-02-26T20:24:57Z</when>
        <gx:coord>-93.22999439 17.36098336 872.67</gx:coord>
        <when>2025-02-26T20:25:10Z</when>
        <gx:coord>-93.23003422 17.36102141 872.66</gx:coord>
        <when>2025-02-26T20:26:06Z</when>
        <gx:coord>-93.23005882 17.36107161 872.46</gx:coord>
        <when>2025-02-26T20:26:10Z</when>
        <gx:coord>-93.23005465 17.36112011 872.01</gx:coord>
        <when>2025-02-26T20:26:14Z</when>
        <gx:coord>-93.23005129 17.36116846 871.98</gx:coord>
        <when>2025-02-26T20:26:18Z</when>
        <gx:coord>-93.23004648 17.36121554 872.25</gx:coord>
        <when>2025-02-26T20:26:23Z</when>
        <gx:coord>-93.23003982 17.36126776 871.55</gx:coord>
        <when>2025-02-26T20:26:28Z</when>
        <gx:coord>-93.23003254 17.36131502 870.7</gx:coord>
        <when>2025-02-26T20:26:34Z</when>
        <gx:coord>-93.23001553 17.3613616 870.22</gx:coord>
        <when>2025-02-26T20:26:40Z</when>
        <gx:coord>-93.23000799 17.36141216 870.25</gx:coord>
        <when>2025-02-26T20:26:46Z</when>
        <gx:coord>-93.23000533 17.361461 869.72</gx:coord>
        <when>2025-02-26T20:26:52Z</when>
        <gx:coord>-93.23000783 17.3615092 869.56</gx:coord>
        <when>2025-02-26T20:26:58Z</when>
        <gx:coord>-93.23001413 17.36155752 870.23</gx:coord>
        <when>2025-02-26T20:27:05Z</when>
        <gx:coord>-93.23002252 17.36160629 869.88</gx:coord>
        <when>2025-02-26T20:27:11Z</when>
        <gx:coord>-93.23003594 17.36165627 870.87</gx:coord>
        <when>2025-02-26T20:27:18Z</when>
        <gx:coord>-93.23005594 17.36169909 871.99</gx:coord>
        <when>2025-02-26T20:27:41Z</when>
        <gx:coord>-93.23008657 17.36175192 873.53</gx:coord>
        <when>2025-02-26T20:28:23Z</when>
        <gx:coord>-93.230101 17.36179762 871.58</gx:coord>
        <when>2025-02-26T20:28:27Z</when>
        <gx:coord>-93.23008661 17.36184831 870.5</gx:coord>
        <when>2025-02-26T20:28:31Z</when>
        <gx:coord>-93.23007963 17.36190608 868.29</gx:coord>
        <when>2025-02-26T20:28:35Z</when>
        <gx:coord>-93.23007301 17.36195147 867.64</gx:coord>
        <when>2025-02-26T20:28:42Z</when>
        <gx:coord>-93.23006329 17.361996 867.8</gx:coord>
        <when>2025-02-26T20:28:47Z</when>
        <gx:coord>-93.23004819 17.36204611 868.3</gx:coord>
        <when>2025-02-26T20:28:55Z</when>
        <gx:coord>-93.23003582 17.36209435 869.45</gx:coord>
        <when>2025-02-26T20:29:00Z</when>
        <gx:coord>-93.23002468 17.36214383 870.8</gx:coord>
        <when>2025-02-26T20:29:30Z</when>
        <gx:coord>-93.23000313 17.36218983 874.25</gx:coord>
        <when>2025-02-26T20:29:37Z</when>
        <gx:coord>-93.22995207 17.36221192 874.51</gx:coord>
        <when>2025-02-26T20:29:43Z</when>
        <gx:coord>-93.22989612 17.36222534 874.56</gx:coord>
        <when>2025-02-26T20:29:47Z</when>
        <gx:coord>-93.22984654 17.36223304 874.83</gx:coord>
        <when>2025-02-26T20:29:52Z</when>
        <gx:coord>-93.22979487 17.36224336 874.77</gx:coord>
        <when>2025-02-26T20:30:01Z</when>
        <gx:coord>-93.2297438 17.36224945 874.74</gx:coord>
        <when>2025-02-26T20:30:53Z</when>
        <gx:coord>-93.22969229 17.3622582 875.21</gx:coord>
        <when>2025-02-26T20:30:57Z</when>
        <gx:coord>-93.22964163 17.36227347 875.09</gx:coord>
        <when>2025-02-26T20:31:02Z</when>
        <gx:coord>-93.22958997 17.36229378 874.46</gx:coord>
        <when>2025-02-26T20:31:08Z</when>
        <gx:coord>-93.22954121 17.36230226 874.55</gx:coord>
        <when>2025-02-26T20:31:13Z</when>
        <gx:coord>-93.22949089 17.36230311 875.11</gx:coord>
        <when>2025-02-26T20:31:18Z</when>
        <gx:coord>-93.22943866 17.36230197 874.68</gx:coord>
        <when>2025-02-26T20:31:39Z</when>
        <gx:coord>-93.22938984 17.36229963 874.63</gx:coord>
        <when>2025-02-26T20:31:47Z</when>
        <gx:coord>-93.22933861 17.36229913 874.78</gx:coord>
        <when>2025-02-26T20:31:51Z</when>
        <gx:coord>-93.22928478 17.36229329 875.29</gx:coord>
        <when>2025-02-26T20:31:56Z</when>
        <gx:coord>-93.22923163 17.36227535 876.11</gx:coord>
        <when>2025-02-26T20:32:00Z</when>
        <gx:coord>-93.22917801 17.36226621 875.88</gx:coord>
        <when>2025-02-26T20:32:05Z</when>
        <gx:coord>-93.22913212 17.36224928 876.19</gx:coord>
        <when>2025-02-26T20:32:11Z</when>
        <gx:coord>-93.22908519 17.36223669 875.67</gx:coord>
        <when>2025-02-26T20:32:16Z</when>
        <gx:coord>-93.22903716 17.36223273 875.08</gx:coord>
        <when>2025-02-26T20:32:22Z</when>
        <gx:coord>-93.22898274 17.3622335 875.05</gx:coord>
        <when>2025-02-26T20:32:31Z</when>
        <gx:coord>-93.22893531 17.36223497 874.47</gx:coord>
        <when>2025-02-26T20:32:42Z</when>
        <gx:coord>-93.22888831 17.3622233 874.75</gx:coord>
        <when>2025-02-26T20:32:48Z</when>
        <gx:coord>-93.22884246 17.36219769 876.07</gx:coord>
        <when>2025-02-26T20:32:52Z</when>
        <gx:coord>-93.22879973 17.36216824 877.06</gx:coord>
        <when>2025-02-26T20:33:06Z</when>
        <gx:coord>-93.22877945 17.36212045 877.49</gx:coord>
        <when>2025-02-26T20:33:12Z</when>
        <gx:coord>-93.22874428 17.36208246 877.65</gx:coord>
        <when>2025-02-26T20:33:18Z</when>
        <gx:coord>-93.22870229 17.36205418 877.33</gx:coord>
        <when>2025-02-26T20:34:59Z</when>
        <gx:coord>-93.22865208 17.36203887 876.37</gx:coord>
        <when>2025-02-26T20:37:00Z</when>
        <gx:coord>-93.22864723 17.36200278 877.3</gx:coord>
        <when>2025-02-26T20:39:01Z</when>
        <gx:coord>-93.22864723 17.36200278 877.3</gx:coord>
        <when>2025-02-26T20:41:02Z</when>
        <gx:coord>-93.22864723 17.36200278 877.3</gx:coord>
        <when>2025-02-26T20:41:22Z</when>
        <gx:coord>-93.22871162 17.36201878 877.39</gx:coord>
        <when>2025-02-26T20:41:24Z</when>
        <gx:coord>-93.22877904 17.3620269 877.29</gx:coord>
        <when>2025-02-26T20:41:26Z</when>
        <gx:coord>-93.22885063 17.36204088 877.24</gx:coord>
        <when>2025-02-26T20:41:28Z</when>
        <gx:coord>-93.22890047 17.3620485 877.07</gx:coord>
        <when>2025-02-26T20:41:34Z</when>
        <gx:coord>-93.22895088 17.36205138 876.96</gx:coord>
        <when>2025-02-26T20:41:39Z</when>
        <gx:coord>-93.22900242 17.36204505 876.47</gx:coord>
        <when>2025-02-26T20:41:56Z</when>
        <gx:coord>-93.22905287 17.36205568 875.94</gx:coord>
        <when>2025-02-26T20:42:00Z</when>
        <gx:coord>-93.22910261 17.36206425 875.7</gx:coord>
        <when>2025-02-26T20:42:06Z</when>
        <gx:coord>-93.22915414 17.36208523 875.8</gx:coord>
        <when>2025-02-26T20:42:10Z</when>
        <gx:coord>-93.22919906 17.36210275 876.05</gx:coord>
        <when>2025-02-26T20:42:19Z</when>
        <gx:coord>-93.22925043 17.36211711 875.26</gx:coord>
        <when>2025-02-26T20:42:24Z</when>
        <gx:coord>-93.22930292 17.36212895 874.52</gx:coord>
        <when>2025-02-26T20:44:07Z</when>
        <gx:coord>-93.22935848 17.36211685 874.13</gx:coord>
        <when>2025-02-26T20:44:11Z</when>
        <gx:coord>-93.22942147 17.36208649 873.24</gx:coord>
        <when>2025-02-26T20:44:14Z</when>
        <gx:coord>-93.22946493 17.3620643 873</gx:coord>
        <when>2025-02-26T20:44:19Z</when>
        <gx:coord>-93.22952321 17.36202925 872.96</gx:coord>
        <when>2025-02-26T20:44:23Z</when>
        <gx:coord>-93.22957389 17.36200563 873.22</gx:coord>
        <when>2025-02-26T20:44:28Z</when>
        <gx:coord>-93.22961819 17.36198668 873.43</gx:coord>
        <when>2025-02-26T20:44:34Z</when>
        <gx:coord>-93.2296615 17.36195743 873.25</gx:coord>
        <when>2025-02-26T20:44:41Z</when>
        <gx:coord>-93.22969464 17.36192084 872.62</gx:coord>
        <when>2025-02-26T20:44:47Z</when>
        <gx:coord>-93.2297343 17.36189227 871.7</gx:coord>
        <when>2025-02-26T20:44:53Z</when>
        <gx:coord>-93.2297789 17.36187338 871.07</gx:coord>
        <when>2025-02-26T20:45:00Z</when>
        <gx:coord>-93.2298251 17.36184617 870.57</gx:coord>
        <when>2025-02-26T20:45:08Z</when>
        <gx:coord>-93.22986274 17.36181831 870.41</gx:coord>
        <when>2025-02-26T20:45:19Z</when>
        <gx:coord>-93.22990458 17.36178971 869.97</gx:coord>
        <when>2025-02-26T20:45:47Z</when>
        <gx:coord>-93.22993866 17.36175822 870.79</gx:coord>
        <when>2025-02-26T20:45:51Z</when>
        <gx:coord>-93.22996939 17.36172033 870.52</gx:coord>
        <when>2025-02-26T20:45:56Z</when>
        <gx:coord>-93.2300022 17.36168091 870.2</gx:coord>
        <when>2025-02-26T20:46:04Z</when>
        <gx:coord>-93.23003476 17.36164485 871.13</gx:coord>
        <when>2025-02-26T20:46:14Z</when>
        <gx:coord>-93.23007384 17.36161024 871.36</gx:coord>
        <when>2025-02-26T20:46:23Z</when>
        <gx:coord>-93.23012387 17.36160309 871.47</gx:coord>
        <when>2025-02-26T20:46:30Z</when>
        <gx:coord>-93.23016481 17.36157381 871.54</gx:coord>
        <when>2025-02-26T20:46:38Z</when>
        <gx:coord>-93.2301993 17.36153563 871.71</gx:coord>
        <when>2025-02-26T20:46:45Z</when>
        <gx:coord>-93.23023323 17.36150329 870.45</gx:coord>
        <when>2025-02-26T20:46:51Z</when>
        <gx:coord>-93.23027575 17.36147801 869.1</gx:coord>
        <when>2025-02-26T20:47:00Z</when>
        <gx:coord>-93.23031902 17.36144978 868.36</gx:coord>
        <when>2025-02-26T20:47:15Z</when>
        <gx:coord>-93.23037699 17.36143268 868.05</gx:coord>
        <when>2025-02-26T20:47:24Z</when>
        <gx:coord>-93.23041953 17.36140733 867.91</gx:coord>
        <when>2025-02-26T20:47:34Z</when>
        <gx:coord>-93.23046087 17.36137773 868.67</gx:coord>
        <when>2025-02-26T20:47:41Z</when>
        <gx:coord>-93.23050563 17.36136082 868.97</gx:coord>
        <when>2025-02-26T20:47:53Z</when>
        <gx:coord>-93.23056315 17.36136015 870.4</gx:coord>
        <when>2025-02-26T20:48:34Z</when>
        <gx:coord>-93.23060356 17.3613152 870.79</gx:coord>
        <when>2025-02-26T20:48:38Z</when>
        <gx:coord>-93.23062479 17.36126282 870.64</gx:coord>
        <when>2025-02-26T20:48:42Z</when>
        <gx:coord>-93.23064964 17.36122177 870.94</gx:coord>
        <when>2025-02-26T20:48:47Z</when>
        <gx:coord>-93.23066765 17.36117747 871.26</gx:coord>
        <when>2025-02-26T20:48:52Z</when>
        <gx:coord>-93.23070043 17.36113513 871.05</gx:coord>
        <when>2025-02-26T20:48:57Z</when>
        <gx:coord>-93.23072477 17.3610959 870.77</gx:coord>
        <when>2025-02-26T20:49:03Z</when>
        <gx:coord>-93.23075069 17.36105149 870.72</gx:coord>
        <when>2025-02-26T20:49:09Z</when>
        <gx:coord>-93.23076911 17.3610038 870.61</gx:coord>
        <when>2025-02-26T20:49:29Z</when>
        <gx:coord>-93.23077103 17.36095584 869.4</gx:coord>
        <when>2025-02-26T20:49:33Z</when>
        <gx:coord>-93.23075095 17.36090964 870.71</gx:coord>
        <when>2025-02-26T20:49:37Z</when>
        <gx:coord>-93.23072672 17.36086725 872.55</gx:coord>
        <when>2025-02-26T20:49:44Z</when>
        <gx:coord>-93.23071848 17.36081929 871.88</gx:coord>
        <when>2025-02-26T20:49:50Z</when>
        <gx:coord>-93.23071065 17.36076904 870.32</gx:coord>
        <when>2025-02-26T20:49:56Z</when>
        <gx:coord>-93.23070447 17.36072011 869.78</gx:coord>
        <when>2025-02-26T20:50:03Z</when>
        <gx:coord>-93.23067864 17.36067732 871.45</gx:coord>
        <when>2025-02-26T20:50:09Z</when>
        <gx:coord>-93.23065551 17.36063242 871.85</gx:coord>
        <when>2025-02-26T20:50:15Z</when>
        <gx:coord>-93.23063308 17.36058775 872.37</gx:coord>
        <when>2025-02-26T20:50:24Z</when>
        <gx:coord>-93.23061732 17.3605446 872.66</gx:coord>
        <when>2025-02-26T20:50:31Z</when>
        <gx:coord>-93.23059885 17.36049598 872.94</gx:coord>
        <when>2025-02-26T20:50:38Z</when>
        <gx:coord>-93.23058469 17.36044789 873</gx:coord>
        <when>2025-02-26T20:50:45Z</when>
        <gx:coord>-93.23057894 17.36040011 872.29</gx:coord>
        <when>2025-02-26T20:50:52Z</when>
        <gx:coord>-93.23058869 17.36034971 870.93</gx:coord>
        <when>2025-02-26T20:51:00Z</when>
        <gx:coord>-93.2306205 17.36031092 869.11</gx:coord>
        <when>2025-02-26T20:51:41Z</when>
        <gx:coord>-93.23058096 17.36027137 868.34</gx:coord>
        <when>2025-02-26T20:51:44Z</when>
        <gx:coord>-93.23055352 17.3602199 867.8</gx:coord>
        <when>2025-02-26T20:51:53Z</when>
        <gx:coord>-93.2305283 17.36016884 867.95</gx:coord>
        <when>2025-02-26T20:51:58Z</when>
        <gx:coord>-93.23049591 17.36012923 867.75</gx:coord>
        <when>2025-02-26T20:52:03Z</when>
        <gx:coord>-93.23046267 17.36008793 866.82</gx:coord>
        <when>2025-02-26T20:52:08Z</when>
        <gx:coord>-93.23042894 17.36005265 866.61</gx:coord>
        <when>2025-02-26T20:52:13Z</when>
        <gx:coord>-93.23038292 17.36003157 866.87</gx:coord>
        <when>2025-02-26T20:52:18Z</when>
        <gx:coord>-93.23033942 17.360002 868.6</gx:coord>
        <when>2025-02-26T20:52:25Z</when>
        <gx:coord>-93.23030127 17.35997318 869.59</gx:coord>
        <when>2025-02-26T20:52:30Z</when>
        <gx:coord>-93.23025853 17.35994394 870.28</gx:coord>
        <when>2025-02-26T20:52:34Z</when>
        <gx:coord>-93.23022077 17.35991558 870.48</gx:coord>
        <when>2025-02-26T20:52:39Z</when>
        <gx:coord>-93.23018313 17.35988835 870.67</gx:coord>
        <when>2025-02-26T20:52:45Z</when>
        <gx:coord>-93.23014889 17.35985664 871.71</gx:coord>
        <when>2025-02-26T20:52:50Z</when>
        <gx:coord>-93.23011208 17.35982725 872.8</gx:coord>
        <when>2025-02-26T20:52:55Z</when>
        <gx:coord>-93.23006697 17.35979908 873.35</gx:coord>
        <when>2025-02-26T20:53:01Z</when>
        <gx:coord>-93.23003036 17.35976219 873.01</gx:coord>
        <when>2025-02-26T20:53:07Z</when>
        <gx:coord>-93.23001022 17.35971582 872.36</gx:coord>
        <when>2025-02-26T20:53:14Z</when>
        <gx:coord>-93.23000643 17.35966354 871.54</gx:coord>
        <when>2025-02-26T20:53:20Z</when>
        <gx:coord>-93.22998128 17.35961633 871.29</gx:coord>
        <when>2025-02-26T20:53:51Z</when>
        <gx:coord>-93.2299741 17.35956236 871.72</gx:coord>
        <when>2025-02-26T20:53:56Z</when>
        <gx:coord>-93.22994196 17.35952283 871.88</gx:coord>
        <when>2025-02-26T20:54:01Z</when>
        <gx:coord>-93.22989897 17.35949082 871.49</gx:coord>
        <when>2025-02-26T20:54:07Z</when>
        <gx:coord>-93.22984808 17.35946505 871.91</gx:coord>
        <when>2025-02-26T20:54:11Z</when>
        <gx:coord>-93.22980523 17.3594398 871.31</gx:coord>
        <when>2025-02-26T20:54:15Z</when>
        <gx:coord>-93.2297692 17.35940677 871.31</gx:coord>
        <when>2025-02-26T20:54:19Z</when>
        <gx:coord>-93.22973407 17.35937163 870.24</gx:coord>
        <when>2025-02-26T20:54:32Z</when>
        <gx:coord>-93.22971243 17.35932638 870</gx:coord>
        <when>2025-02-26T20:54:38Z</when>
        <gx:coord>-93.22969976 17.35928232 870.03</gx:coord>
        <when>2025-02-26T20:54:44Z</when>
        <gx:coord>-93.22968137 17.35923941 870.45</gx:coord>
        <when>2025-02-26T20:54:49Z</when>
        <gx:coord>-93.22965448 17.35919596 871.5</gx:coord>
        <when>2025-02-26T20:54:53Z</when>
        <gx:coord>-93.22963552 17.35915407 871.57</gx:coord>
        <when>2025-02-26T20:54:57Z</when>
        <gx:coord>-93.2296118 17.35910973 871.9</gx:coord>
        <when>2025-02-26T20:55:03Z</when>
        <gx:coord>-93.22960604 17.35906189 872.35</gx:coord>
        <when>2025-02-26T20:55:09Z</when>
        <gx:coord>-93.22961413 17.35901377 873.97</gx:coord>
        <when>2025-02-26T20:55:14Z</when>
        <gx:coord>-93.22958697 17.3589714 873.9</gx:coord>
        <when>2025-02-26T20:55:19Z</when>
        <gx:coord>-93.22953513 17.35895312 872.91</gx:coord>
        <when>2025-02-26T20:55:24Z</when>
        <gx:coord>-93.22948492 17.35894368 871.56</gx:coord>
        <when>2025-02-26T20:55:28Z</when>
        <gx:coord>-93.22943201 17.35893982 872.08</gx:coord>
        <when>2025-02-26T20:55:33Z</when>
        <gx:coord>-93.22938108 17.35893437 872.61</gx:coord>
        <when>2025-02-26T20:55:40Z</when>
        <gx:coord>-93.22933479 17.35891717 871.62</gx:coord>
        <when>2025-02-26T20:56:18Z</when>
        <gx:coord>-93.22929668 17.35895028 871.31</gx:coord>
        <when>2025-02-26T20:56:24Z</when>
        <gx:coord>-93.22927589 17.35899866 871.46</gx:coord>
        <when>2025-02-26T20:56:29Z</when>
        <gx:coord>-93.22925217 17.3590377 871.92</gx:coord>
        <when>2025-02-26T20:56:35Z</when>
        <gx:coord>-93.22923621 17.35908258 872.04</gx:coord>
        <when>2025-02-26T20:56:41Z</when>
        <gx:coord>-93.22920923 17.35912404 871.82</gx:coord>
        <when>2025-02-26T20:56:49Z</when>
        <gx:coord>-93.22918653 17.3591708 872.26</gx:coord>
        <when>2025-02-26T20:56:55Z</when>
        <gx:coord>-93.22916954 17.35921425 872.42</gx:coord>
        <when>2025-02-26T20:57:01Z</when>
        <gx:coord>-93.22916082 17.35926405 871.48</gx:coord>
        <when>2025-02-26T20:57:08Z</when>
        <gx:coord>-93.2291357 17.35930564 870.95</gx:coord>
        <when>2025-02-26T20:57:15Z</when>
        <gx:coord>-93.22914273 17.35935744 871.25</gx:coord>
        <when>2025-02-26T20:57:20Z</when>
        <gx:coord>-93.22914592 17.35940427 871.31</gx:coord>
        <when>2025-02-26T20:57:25Z</when>
        <gx:coord>-93.22914729 17.35944943 870.88</gx:coord>
        <when>2025-02-26T20:57:31Z</when>
        <gx:coord>-93.2291284 17.35949909 871.2</gx:coord>
        <when>2025-02-26T20:57:36Z</when>
        <gx:coord>-93.22912626 17.35954493 871.09</gx:coord>
        <when>2025-02-26T20:57:42Z</when>
        <gx:coord>-93.2291358 17.3595907 871.2</gx:coord>
        <when>2025-02-26T20:57:49Z</when>
        <gx:coord>-93.22913817 17.35964352 871.37</gx:coord>
        <when>2025-02-26T20:57:55Z</when>
        <gx:coord>-93.22913907 17.35968916 871.66</gx:coord>
        <when>2025-02-26T20:58:02Z</when>
        <gx:coord>-93.22913458 17.35974088 872.51</gx:coord>
        <when>2025-02-26T20:58:09Z</when>
        <gx:coord>-93.22913182 17.35979156 872.88</gx:coord>
        <when>2025-02-26T20:58:16Z</when>
        <gx:coord>-93.22911751 17.35983847 873.41</gx:coord>
        <when>2025-02-26T20:58:22Z</when>
        <gx:coord>-93.22911428 17.35989187 872.69</gx:coord>
        <when>2025-02-26T20:58:28Z</when>
        <gx:coord>-93.22911175 17.35994597 871.34</gx:coord>
        <when>2025-02-26T20:58:33Z</when>
        <gx:coord>-93.22912202 17.35999433 870.52</gx:coord>
        <when>2025-02-26T20:58:42Z</when>
        <gx:coord>-93.2291385 17.36003957 870.67</gx:coord>
        <when>2025-02-26T20:58:53Z</when>
        <gx:coord>-93.229136 17.36008497 869.87</gx:coord>
        <when>2025-02-26T20:59:11Z</when>
        <gx:coord>-93.22909286 17.36010461 868.81</gx:coord>
        <when>2025-02-26T20:59:16Z</when>
        <gx:coord>-93.22903456 17.36013493 869.28</gx:coord>
        <when>2025-02-26T20:59:20Z</when>
        <gx:coord>-93.22898627 17.36014695 869.38</gx:coord>
        <when>2025-02-26T20:59:27Z</when>
        <gx:coord>-93.22893268 17.36016921 869.65</gx:coord>
        <when>2025-02-26T20:59:34Z</when>
        <gx:coord>-93.22888658 17.36019258 870.23</gx:coord>
        <when>2025-02-26T20:59:41Z</when>
        <gx:coord>-93.22884781 17.36023008 870.21</gx:coord>
        <when>2025-02-26T20:59:46Z</when>
        <gx:coord>-93.22881116 17.36026568 870.56</gx:coord>
        <when>2025-02-26T20:59:54Z</when>
        <gx:coord>-93.22875888 17.36027784 870.53</gx:coord>
        <when>2025-02-26T21:00:05Z</when>
        <gx:coord>-93.22870926 17.36028624 870.56</gx:coord>
        <when>2025-02-26T21:00:10Z</when>
        <gx:coord>-93.22866147 17.36029667 871.09</gx:coord>
        <when>2025-02-26T21:00:17Z</when>
        <gx:coord>-93.22861351 17.36030137 870.82</gx:coord>
        <when>2025-02-26T21:00:23Z</when>
        <gx:coord>-93.22856217 17.36029122 870.6</gx:coord>
        <when>2025-02-26T21:00:28Z</when>
        <gx:coord>-93.22851558 17.36029833 871.03</gx:coord>
        <when>2025-02-26T21:00:36Z</when>
        <gx:coord>-93.22847326 17.3603309 870.5</gx:coord>
        <when>2025-02-26T21:00:41Z</when>
        <gx:coord>-93.22842262 17.36034877 871.01</gx:coord>
        <when>2025-02-26T21:00:47Z</when>
        <gx:coord>-93.22837622 17.36037467 870.95</gx:coord>
        <when>2025-02-26T21:00:52Z</when>
        <gx:coord>-93.22833946 17.36040748 871.19</gx:coord>
        <when>2025-02-26T21:00:59Z</when>
        <gx:coord>-93.22831536 17.36045276 871.79</gx:coord>
        <when>2025-02-26T21:01:05Z</when>
        <gx:coord>-93.22829312 17.36049462 871.51</gx:coord>
        <when>2025-02-26T21:01:13Z</when>
        <gx:coord>-93.22824984 17.36052702 872.04</gx:coord>
        <when>2025-02-26T21:01:20Z</when>
        <gx:coord>-93.22820171 17.36054828 871.82</gx:coord>
        <when>2025-02-26T21:01:27Z</when>
        <gx:coord>-93.22814816 17.36054394 869.97</gx:coord>
        <when>2025-02-26T21:01:34Z</when>
        <gx:coord>-93.22809933 17.36053657 869</gx:coord>
        <when>2025-02-26T21:01:40Z</when>
        <gx:coord>-93.22805343 17.36052453 868.42</gx:coord>
        <when>2025-02-26T21:01:46Z</when>
        <gx:coord>-93.22800024 17.36052894 868.12</gx:coord>
        <when>2025-02-26T21:01:55Z</when>
        <gx:coord>-93.22795865 17.3605584 869.26</gx:coord>
        <when>2025-02-26T21:02:01Z</when>
        <gx:coord>-93.22791459 17.36057538 869.04</gx:coord>
        <when>2025-02-26T21:02:11Z</when>
        <gx:coord>-93.22787936 17.36061267 868.73</gx:coord>
        <when>2025-02-26T21:02:24Z</when>
        <gx:coord>-93.22784471 17.36065014 868.47</gx:coord>
        <when>2025-02-26T21:02:31Z</when>
        <gx:coord>-93.22781551 17.36068615 869.25</gx:coord>
        <when>2025-02-26T21:02:40Z</when>
        <gx:coord>-93.22779014 17.36073438 869.97</gx:coord>
        <when>2025-02-26T21:02:46Z</when>
        <gx:coord>-93.22778118 17.36078257 870.85</gx:coord>
        <when>2025-02-26T21:02:56Z</when>
        <gx:coord>-93.2278009 17.36082608 870.53</gx:coord>
        <when>2025-02-26T21:03:06Z</when>
        <gx:coord>-93.22784713 17.36083827 870.07</gx:coord>
        <when>2025-02-26T21:03:15Z</when>
        <gx:coord>-93.22789845 17.36084907 869.23</gx:coord>
        <when>2025-02-26T21:03:23Z</when>
        <gx:coord>-93.22795553 17.3608484 870.38</gx:coord>
        <when>2025-02-26T21:03:36Z</when>
        <gx:coord>-93.22800419 17.36085039 870.44</gx:coord>
        <when>2025-02-26T21:03:41Z</when>
        <gx:coord>-93.22805722 17.36086506 867.9</gx:coord>
        <when>2025-02-26T21:03:46Z</when>
        <gx:coord>-93.2281084 17.36085844 866.81</gx:coord>
        <when>2025-02-26T21:03:51Z</when>
        <gx:coord>-93.22815813 17.36084351 867.6</gx:coord>
        <when>2025-02-26T21:03:58Z</when>
        <gx:coord>-93.22820866 17.36082492 868.56</gx:coord>
        <when>2025-02-26T21:04:04Z</when>
        <gx:coord>-93.22825467 17.36080298 869.42</gx:coord>
        <when>2025-02-26T21:04:10Z</when>
        <gx:coord>-93.22829141 17.36076122 869.83</gx:coord>
        <when>2025-02-26T21:04:16Z</when>
        <gx:coord>-93.22832497 17.36072276 870.92</gx:coord>
        <when>2025-02-26T21:04:22Z</when>
        <gx:coord>-93.22837117 17.36069847 870.76</gx:coord>
        <when>2025-02-26T21:04:29Z</when>
        <gx:coord>-93.22841251 17.3606665 870.07</gx:coord>
        <when>2025-02-26T21:04:38Z</when>
        <gx:coord>-93.22846663 17.36066456 869.06</gx:coord>
        <when>2025-02-26T21:04:43Z</when>
        <gx:coord>-93.22851843 17.36065945 869.31</gx:coord>
        <when>2025-02-26T21:04:49Z</when>
        <gx:coord>-93.22856862 17.36064605 869.13</gx:coord>
        <when>2025-02-26T21:04:55Z</when>
        <gx:coord>-93.22861818 17.36064472 869.06</gx:coord>
        <when>2025-02-26T21:05:03Z</when>
        <gx:coord>-93.22866732 17.36065911 868.71</gx:coord>
        <when>2025-02-26T21:05:09Z</when>
        <gx:coord>-93.2287178 17.36067373 868.04</gx:coord>
        <when>2025-02-26T21:05:15Z</when>
        <gx:coord>-93.22876433 17.36068623 868.43</gx:coord>
        <when>2025-02-26T21:05:23Z</when>
        <gx:coord>-93.22881201 17.36071165 868.92</gx:coord>
        <when>2025-02-26T21:06:18Z</when>
        <gx:coord>-93.22885038 17.36068231 869.84</gx:coord>
        <when>2025-02-26T21:06:30Z</when>
        <gx:coord>-93.22886796 17.36063893 870.53</gx:coord>
        <when>2025-02-26T21:06:34Z</when>
        <gx:coord>-93.22889268 17.36058874 870.84</gx:coord>
        <when>2025-02-26T21:06:38Z</when>
        <gx:coord>-93.22891034 17.36053306 870.22</gx:coord>
        <when>2025-02-26T21:06:44Z</when>
        <gx:coord>-93.22891151 17.36047744 869.83</gx:coord>
        <when>2025-02-26T21:06:49Z</when>
        <gx:coord>-93.22890156 17.36043241 869.72</gx:coord>
        <when>2025-02-26T21:06:54Z</when>
        <gx:coord>-93.22889452 17.36038515 869.66</gx:coord>
        <when>2025-02-26T21:07:00Z</when>
        <gx:coord>-93.22888229 17.36033267 869.91</gx:coord>
        <when>2025-02-26T21:07:05Z</when>
        <gx:coord>-93.22887479 17.36028225 869.95</gx:coord>
        <when>2025-02-26T21:07:11Z</when>
        <gx:coord>-93.22885438 17.36023317 869.19</gx:coord>
        <when>2025-02-26T21:07:17Z</when>
        <gx:coord>-93.22883045 17.36018813 868.74</gx:coord>
        <when>2025-02-26T21:07:24Z</when>
        <gx:coord>-93.22882408 17.36013488 867.24</gx:coord>
        <when>2025-02-26T21:07:29Z</when>
        <gx:coord>-93.22880686 17.36008965 866.71</gx:coord>
        <when>2025-02-26T21:07:35Z</when>
        <gx:coord>-93.22877997 17.3600462 867.1</gx:coord>
        <when>2025-02-26T21:07:41Z</when>
        <gx:coord>-93.22877432 17.35999601 867.28</gx:coord>
        <when>2025-02-26T21:07:47Z</when>
        <gx:coord>-93.22877688 17.35994478 866.92</gx:coord>
        <when>2025-02-26T21:07:53Z</when>
        <gx:coord>-93.22878949 17.35989671 865.84</gx:coord>
        <when>2025-02-26T21:07:58Z</when>
        <gx:coord>-93.22878939 17.35984926 867.05</gx:coord>
        <when>2025-02-26T21:08:03Z</when>
        <gx:coord>-93.22878394 17.35979788 867.67</gx:coord>
        <when>2025-02-26T21:08:09Z</when>
        <gx:coord>-93.22879152 17.35974421 866.84</gx:coord>
        <when>2025-02-26T21:08:14Z</when>
        <gx:coord>-93.22879694 17.35969732 866.59</gx:coord>
        <when>2025-02-26T21:08:20Z</when>
        <gx:coord>-93.22878942 17.35965151 867.52</gx:coord>
        <when>2025-02-26T21:08:53Z</when>
        <gx:coord>-93.22884212 17.35963647 868.41</gx:coord>
        <when>2025-02-26T21:08:59Z</when>
        <gx:coord>-93.22888921 17.35964128 868.27</gx:coord>
        <when>2025-02-26T21:09:05Z</when>
        <gx:coord>-93.22893985 17.35964365 868.33</gx:coord>
        <when>2025-02-26T21:09:10Z</when>
        <gx:coord>-93.22899206 17.35963765 868.97</gx:coord>
        <when>2025-02-26T21:09:15Z</when>
        <gx:coord>-93.22904374 17.35963555 869.03</gx:coord>
        <when>2025-02-26T21:09:20Z</when>
        <gx:coord>-93.22909588 17.35962839 868.68</gx:coord>
        <when>2025-02-26T21:09:25Z</when>
        <gx:coord>-93.22915219 17.35962579 868.7</gx:coord>
        <when>2025-02-26T21:09:50Z</when>
        <gx:coord>-93.22920169 17.35963293 868.97</gx:coord>
        <when>2025-02-26T21:09:55Z</when>
        <gx:coord>-93.22924741 17.35966379 867.78</gx:coord>
        <when>2025-02-26T21:10:02Z</when>
        <gx:coord>-93.22930128 17.35966668 867.99</gx:coord>
        <when>2025-02-26T21:10:09Z</when>
        <gx:coord>-93.22934609 17.35964791 867.9</gx:coord>
        <when>2025-02-26T21:10:18Z</when>
        <gx:coord>-93.22937749 17.35961165 867.23</gx:coord>
        <when>2025-02-26T21:10:24Z</when>
        <gx:coord>-93.22941202 17.35957745 868.12</gx:coord>
        <when>2025-02-26T21:10:30Z</when>
        <gx:coord>-93.2294513 17.3595509 868.1</gx:coord>
        <when>2025-02-26T21:10:41Z</when>
        <gx:coord>-93.22948815 17.35951734 868.09</gx:coord>
        <when>2025-02-26T21:10:46Z</when>
        <gx:coord>-93.22952239 17.35948035 867.69</gx:coord>
        <when>2025-02-26T21:10:52Z</when>
        <gx:coord>-93.22955293 17.35944233 868.79</gx:coord>
        <when>2025-02-26T21:10:58Z</when>
        <gx:coord>-93.22958217 17.35940083 871.06</gx:coord>
        <when>2025-02-26T21:11:04Z</when>
        <gx:coord>-93.22962244 17.35937189 871.81</gx:coord>
        <when>2025-02-26T21:11:12Z</when>
        <gx:coord>-93.22966721 17.3593523 870.85</gx:coord>
        <when>2025-02-26T21:11:17Z</when>
        <gx:coord>-93.22970862 17.35932372 870.34</gx:coord>
        <when>2025-02-26T21:11:24Z</when>
        <gx:coord>-93.22973672 17.35928747 870.67</gx:coord>
        <when>2025-02-26T21:11:30Z</when>
        <gx:coord>-93.229767 17.35925 870.81</gx:coord>
        <when>2025-02-26T21:12:34Z</when>
        <gx:coord>-93.22979445 17.35921211 870.84</gx:coord>
        <when>2025-02-26T21:12:39Z</when>
        <gx:coord>-93.22984802 17.35919441 870.41</gx:coord>
        <when>2025-02-26T21:12:44Z</when>
        <gx:coord>-93.2298868 17.35916392 869.53</gx:coord>
        <when>2025-02-26T21:12:53Z</when>
        <gx:coord>-93.22992216 17.35913205 869.72</gx:coord>
        <when>2025-02-26T21:12:57Z</when>
        <gx:coord>-93.2299473 17.35909268 870.03</gx:coord>
        <when>2025-02-26T21:13:51Z</when>
        <gx:coord>-93.22998351 17.35912831 870.71</gx:coord>
        <when>2025-02-26T21:14:02Z</when>
        <gx:coord>-93.23002699 17.35916627 871.02</gx:coord>
        <when>2025-02-26T21:14:07Z</when>
        <gx:coord>-93.23005698 17.35921459 871.5</gx:coord>
        <when>2025-02-26T21:14:12Z</when>
        <gx:coord>-93.23008036 17.35925777 872.39</gx:coord>
        <when>2025-02-26T21:14:30Z</when>
        <gx:coord>-93.23010702 17.35929934 873.06</gx:coord>
        <when>2025-02-26T21:14:43Z</when>
        <gx:coord>-93.23012756 17.35935409 872.53</gx:coord>
        <when>2025-02-26T21:14:46Z</when>
        <gx:coord>-93.23014099 17.35940117 872.26</gx:coord>
        <when>2025-02-26T21:14:55Z</when>
        <gx:coord>-93.23015682 17.35944681 871.84</gx:coord>
        <when>2025-02-26T21:15:02Z</when>
        <gx:coord>-93.23017338 17.35949569 871.39</gx:coord>
        <when>2025-02-26T21:15:09Z</when>
        <gx:coord>-93.23018567 17.35954376 871.62</gx:coord>
        <when>2025-02-26T21:15:13Z</when>
        <gx:coord>-93.23019033 17.35958998 872.51</gx:coord>
        <when>2025-02-26T21:15:18Z</when>
        <gx:coord>-93.23021332 17.35963159 873.51</gx:coord>
        <when>2025-02-26T21:15:27Z</when>
        <gx:coord>-93.23023735 17.35967503 872.98</gx:coord>
        <when>2025-02-26T21:15:33Z</when>
        <gx:coord>-93.23027347 17.35970912 872.48</gx:coord>
        <when>2025-02-26T21:15:40Z</when>
        <gx:coord>-93.23031199 17.35974169 871.65</gx:coord>
        <when>2025-02-26T21:15:45Z</when>
        <gx:coord>-93.23034944 17.35977479 872.02</gx:coord>
        <when>2025-02-26T21:15:51Z</when>
        <gx:coord>-93.23039404 17.35980432 873.48</gx:coord>
        <when>2025-02-26T21:17:10Z</when>
        <gx:coord>-93.23036888 17.35975957 873.35</gx:coord>
        <when>2025-02-26T21:17:15Z</when>
        <gx:coord>-93.2303359 17.35971509 872.46</gx:coord>
        <when>2025-02-26T21:17:19Z</when>
        <gx:coord>-93.23031504 17.35966955 872.22</gx:coord>
        <when>2025-02-26T21:17:47Z</when>
        <gx:coord>-93.2302845 17.35962432 872.02</gx:coord>
        <when>2025-02-26T21:18:06Z</when>
        <gx:coord>-93.23025012 17.35958001 871.32</gx:coord>
        <when>2025-02-26T21:18:14Z</when>
        <gx:coord>-93.23021853 17.35954371 872.49</gx:coord>
        <when>2025-02-26T21:18:18Z</when>
        <gx:coord>-93.23017224 17.35949571 872.89</gx:coord>
        <when>2025-02-26T21:18:21Z</when>
        <gx:coord>-93.23012574 17.35945648 873.25</gx:coord>
        <when>2025-02-26T21:18:25Z</when>
        <gx:coord>-93.23007401 17.359436 872.34</gx:coord>
        <when>2025-02-26T21:18:32Z</when>
        <gx:coord>-93.23002282 17.35941958 871.22</gx:coord>
        <when>2025-02-26T21:18:37Z</when>
        <gx:coord>-93.22998095 17.35939324 871.29</gx:coord>
        <when>2025-02-26T21:18:43Z</when>
        <gx:coord>-93.22993207 17.35937704 872.08</gx:coord>
        <when>2025-02-26T21:18:51Z</when>
        <gx:coord>-93.22988618 17.35935239 871.22</gx:coord>
        <when>2025-02-26T21:18:59Z</when>
        <gx:coord>-93.22983895 17.35935655 871.3</gx:coord>
        <when>2025-02-26T21:19:17Z</when>
        <gx:coord>-93.22979077 17.35936008 868.87</gx:coord>
        <when>2025-02-26T21:19:22Z</when>
        <gx:coord>-93.22974185 17.35938426 868.65</gx:coord>
        <when>2025-02-26T21:19:30Z</when>
        <gx:coord>-93.22970094 17.35941287 868.27</gx:coord>
        <when>2025-02-26T21:19:35Z</when>
        <gx:coord>-93.2296589 17.35944268 867.41</gx:coord>
        <when>2025-02-26T21:19:41Z</when>
        <gx:coord>-93.22961026 17.35946177 868.55</gx:coord>
        <when>2025-02-26T21:19:46Z</when>
        <gx:coord>-93.22956114 17.35947742 869.62</gx:coord>
        <when>2025-02-26T21:19:53Z</when>
        <gx:coord>-93.22951682 17.35949724 869.9</gx:coord>
        <when>2025-02-26T21:19:59Z</when>
        <gx:coord>-93.22946608 17.35951481 870.04</gx:coord>
        <when>2025-02-26T21:20:05Z</when>
        <gx:coord>-93.22942902 17.35954718 870.34</gx:coord>
        <when>2025-02-26T21:20:17Z</when>
        <gx:coord>-93.22937774 17.35954056 869.69</gx:coord>
        <when>2025-02-26T21:20:54Z</when>
        <gx:coord>-93.2293837 17.35958736 869.79</gx:coord>
        <when>2025-02-26T21:21:00Z</when>
        <gx:coord>-93.22940238 17.35963221 869.01</gx:coord>
        <when>2025-02-26T21:21:28Z</when>
        <gx:coord>-93.22942913 17.35967868 868.66</gx:coord>
        <when>2025-02-26T21:21:35Z</when>
        <gx:coord>-93.22945344 17.35972773 869.44</gx:coord>
        <when>2025-02-26T21:21:39Z</when>
        <gx:coord>-93.22948062 17.35976552 869.52</gx:coord>
        <when>2025-02-26T21:22:04Z</when>
        <gx:coord>-93.22951143 17.35979974 869.68</gx:coord>
        <when>2025-02-26T21:22:18Z</when>
        <gx:coord>-93.22952924 17.35984784 869.88</gx:coord>
        <when>2025-02-26T21:22:21Z</when>
        <gx:coord>-93.22954802 17.3599043 870.06</gx:coord>
        <when>2025-02-26T21:22:36Z</when>
        <gx:coord>-93.22957334 17.35995152 870.38</gx:coord>
        <when>2025-02-26T21:22:42Z</when>
        <gx:coord>-93.2296017 17.35999917 870.06</gx:coord>
        <when>2025-02-26T21:22:46Z</when>
        <gx:coord>-93.22962852 17.36004269 870.1</gx:coord>
        <when>2025-02-26T21:22:50Z</when>
        <gx:coord>-93.22964705 17.36008515 870.33</gx:coord>
        <when>2025-02-26T21:23:02Z</when>
        <gx:coord>-93.22966731 17.36013627 869.83</gx:coord>
        <when>2025-02-26T21:23:07Z</when>
        <gx:coord>-93.22968116 17.36019026 869.27</gx:coord>
        <when>2025-02-26T21:23:15Z</when>
        <gx:coord>-93.22968553 17.36023902 868.17</gx:coord>
        <when>2025-02-26T21:23:28Z</when>
        <gx:coord>-93.22970236 17.36028425 869.14</gx:coord>
        <when>2025-02-26T21:24:01Z</when>
        <gx:coord>-93.22972367 17.36033709 869.44</gx:coord>
        <when>2025-02-26T21:24:05Z</when>
        <gx:coord>-93.22973411 17.36038817 869.29</gx:coord>
        <when>2025-02-26T21:24:09Z</when>
        <gx:coord>-93.22975232 17.3604308 869.62</gx:coord>
        <when>2025-02-26T21:24:26Z</when>
        <gx:coord>-93.22977099 17.36047927 869.23</gx:coord>
        <when>2025-02-26T21:24:52Z</when>
        <gx:coord>-93.22979451 17.36051981 869.48</gx:coord>
        <when>2025-02-26T21:25:00Z</when>
        <gx:coord>-93.22984956 17.36057558 869.21</gx:coord>
        <when>2025-02-26T21:25:02Z</when>
        <gx:coord>-93.22988681 17.36061532 869.24</gx:coord>
        <when>2025-02-26T21:25:06Z</when>
        <gx:coord>-93.22992944 17.3606503 868.9</gx:coord>
        <when>2025-02-26T21:25:10Z</when>
        <gx:coord>-93.2299703 17.36068117 868.39</gx:coord>
        <when>2025-02-26T21:25:31Z</when>
        <gx:coord>-93.23001685 17.36071098 869.01</gx:coord>
        <when>2025-02-26T21:25:34Z</when>
        <gx:coord>-93.23006377 17.36072959 869.93</gx:coord>
        <when>2025-02-26T21:25:38Z</when>
        <gx:coord>-93.23011284 17.36075081 871.39</gx:coord>
        <when>2025-02-26T21:25:42Z</when>
        <gx:coord>-93.23016454 17.36077046 871.53</gx:coord>
        <when>2025-02-26T21:25:47Z</when>
        <gx:coord>-93.23020539 17.36080029 871.42</gx:coord>
        <when>2025-02-26T21:25:56Z</when>
        <gx:coord>-93.23023787 17.36083636 871.86</gx:coord>
        <when>2025-02-26T21:26:07Z</when>
        <gx:coord>-93.23026561 17.36087625 871.54</gx:coord>
        <when>2025-02-26T21:26:15Z</when>
        <gx:coord>-93.23029897 17.36092451 871.63</gx:coord>
        <when>2025-02-26T21:26:20Z</when>
        <gx:coord>-93.23033068 17.36095859 871.99</gx:coord>
        <when>2025-02-26T21:26:26Z</when>
        <gx:coord>-93.23036993 17.36098692 871.47</gx:coord>
        <when>2025-02-26T21:26:30Z</when>
        <gx:coord>-93.23041006 17.36101634 870.86</gx:coord>
        <when>2025-02-26T21:26:38Z</when>
        <gx:coord>-93.23045117 17.36104459 872.03</gx:coord>
        <when>2025-02-26T21:26:44Z</when>
        <gx:coord>-93.23048596 17.36107846 871.95</gx:coord>
        <when>2025-02-26T21:26:50Z</when>
        <gx:coord>-93.2305169 17.36112191 873.09</gx:coord>
        <when>2025-02-26T21:26:59Z</when>
        <gx:coord>-93.23053855 17.36116628 873.68</gx:coord>
        <when>2025-02-26T21:27:04Z</when>
        <gx:coord>-93.23056884 17.36120291 873.62</gx:coord>
        <when>2025-02-26T21:27:18Z</when>
        <gx:coord>-93.23060492 17.36123829 873.74</gx:coord>
        <when>2025-02-26T21:27:23Z</when>
        <gx:coord>-93.23063762 17.36127246 874.28</gx:coord>
        <when>2025-02-26T21:27:31Z</when>
        <gx:coord>-93.23066285 17.36131073 875.43</gx:coord>
        <when>2025-02-26T21:27:43Z</when>
        <gx:coord>-93.23068991 17.36134906 875.13</gx:coord>
        <when>2025-02-26T21:27:49Z</when>
        <gx:coord>-93.23071952 17.36139408 874.65</gx:coord>
        <when>2025-02-26T21:28:07Z</when>
        <gx:coord>-93.2307503 17.36143118 874.37</gx:coord>
        <when>2025-02-26T21:28:14Z</when>
        <gx:coord>-93.23078572 17.36147291 874.07</gx:coord>
        <when>2025-02-26T21:28:20Z</when>
        <gx:coord>-93.23081993 17.36151074 873.39</gx:coord>
        <when>2025-02-26T21:28:57Z</when>
        <gx:coord>-93.23079374 17.36155514 873.4</gx:coord>
        <when>2025-02-26T21:29:05Z</when>
        <gx:coord>-93.23075401 17.36159225 872.99</gx:coord>
        <when>2025-02-26T21:29:16Z</when>
        <gx:coord>-93.23073318 17.36164477 872.81</gx:coord>
        <when>2025-02-26T21:29:22Z</when>
        <gx:coord>-93.23072139 17.36169497 873.3</gx:coord>
        <when>2025-02-26T21:29:26Z</when>
        <gx:coord>-93.23068555 17.3617267 873.63</gx:coord>
        <when>2025-02-26T21:29:51Z</when>
        <gx:coord>-93.23064895 17.36175652 874.1</gx:coord>
        <when>2025-02-26T21:31:26Z</when>
        <gx:coord>-93.23061669 17.36179184 873.81</gx:coord>
        <when>2025-02-26T21:31:30Z</when>
        <gx:coord>-93.23057647 17.36183242 874.5</gx:coord>
        <when>2025-02-26T21:31:36Z</when>
        <gx:coord>-93.23053983 17.3618648 874.67</gx:coord>
        <when>2025-02-26T21:31:43Z</when>
        <gx:coord>-93.23050161 17.36189217 874.89</gx:coord>
        <when>2025-02-26T21:31:46Z</when>
        <gx:coord>-93.23045042 17.36190866 875.06</gx:coord>
        <when>2025-02-26T21:32:00Z</when>
        <gx:coord>-93.23040199 17.36193527 876.53</gx:coord>
        <when>2025-02-26T21:32:07Z</when>
        <gx:coord>-93.2303616 17.36196925 878.65</gx:coord>
        <when>2025-02-26T21:32:16Z</when>
        <gx:coord>-93.23033242 17.36200563 878.59</gx:coord>
        <when>2025-02-26T21:32:23Z</when>
        <gx:coord>-93.23030072 17.36204604 877.48</gx:coord>
        <when>2025-02-26T21:32:30Z</when>
        <gx:coord>-93.23027846 17.36208942 876.45</gx:coord>
        <when>2025-02-26T21:32:39Z</when>
        <gx:coord>-93.23026333 17.36213936 875.68</gx:coord>
        <when>2025-02-26T21:32:54Z</when>
        <gx:coord>-93.23024429 17.36218422 875.55</gx:coord>
        <when>2025-02-26T21:33:04Z</when>
        <gx:coord>-93.2302062 17.36221306 877.86</gx:coord>
        <when>2025-02-26T21:33:11Z</when>
        <gx:coord>-93.23015796 17.36223295 879.12</gx:coord>
        <when>2025-02-26T21:33:20Z</when>
        <gx:coord>-93.23010326 17.36225382 879.56</gx:coord>
        <when>2025-02-26T21:33:33Z</when>
        <gx:coord>-93.2300534 17.36226325 882.24</gx:coord>
        <when>2025-02-26T21:34:06Z</when>
        <gx:coord>-93.2300153 17.36223252 881.47</gx:coord>
        <when>2025-02-26T21:34:11Z</when>
        <gx:coord>-93.22998562 17.3621861 881.18</gx:coord>
        <when>2025-02-26T21:34:16Z</when>
        <gx:coord>-93.22995669 17.3621478 881.27</gx:coord>
        <when>2025-02-26T21:34:22Z</when>
        <gx:coord>-93.2299282 17.36210748 881.55</gx:coord>
        <when>2025-02-26T21:34:28Z</when>
        <gx:coord>-93.22988987 17.36207688 881.75</gx:coord>
        <when>2025-02-26T21:34:37Z</when>
        <gx:coord>-93.22984978 17.3620464 881.82</gx:coord>
        <when>2025-02-26T21:34:43Z</when>
        <gx:coord>-93.22981714 17.36201365 882.46</gx:coord>
        <when>2025-02-26T21:34:50Z</when>
        <gx:coord>-93.22978153 17.36197687 882.69</gx:coord>
        <when>2025-02-26T21:35:04Z</when>
        <gx:coord>-93.22974509 17.36193928 883.56</gx:coord>
        <when>2025-02-26T21:35:10Z</when>
        <gx:coord>-93.22971202 17.36190121 882.98</gx:coord>
        <when>2025-02-26T21:35:16Z</when>
        <gx:coord>-93.22969 17.36185994 882.26</gx:coord>
        <when>2025-02-26T21:35:21Z</when>
        <gx:coord>-93.2296683 17.36180886 882.41</gx:coord>
        <when>2025-02-26T21:35:27Z</when>
        <gx:coord>-93.22964898 17.36176512 882.95</gx:coord>
        <when>2025-02-26T21:35:34Z</when>
        <gx:coord>-93.22963339 17.36171813 881.44</gx:coord>
        <when>2025-02-26T21:35:46Z</when>
        <gx:coord>-93.22960483 17.36167443 879.51</gx:coord>
        <when>2025-02-26T21:35:51Z</when>
        <gx:coord>-93.22957582 17.36163289 878.83</gx:coord>
        <when>2025-02-26T21:35:56Z</when>
        <gx:coord>-93.22954502 17.36159304 878.09</gx:coord>
        <when>2025-02-26T21:36:01Z</when>
        <gx:coord>-93.22951287 17.36155685 877.52</gx:coord>
        <when>2025-02-26T21:36:06Z</when>
        <gx:coord>-93.22948546 17.36151854 876.48</gx:coord>
        <when>2025-02-26T21:36:11Z</when>
        <gx:coord>-93.22945479 17.36147989 874.92</gx:coord>
        <when>2025-02-26T21:36:17Z</when>
        <gx:coord>-93.22941733 17.36144411 874.06</gx:coord>
        <when>2025-02-26T21:36:24Z</when>
        <gx:coord>-93.22938084 17.36140523 874.07</gx:coord>
        <when>2025-02-26T21:36:30Z</when>
        <gx:coord>-93.22934841 17.36136563 874.79</gx:coord>
        <when>2025-02-26T21:36:38Z</when>
        <gx:coord>-93.22931298 17.36133137 875.27</gx:coord>
        <when>2025-02-26T21:36:45Z</when>
        <gx:coord>-93.22927857 17.36129382 876.08</gx:coord>
        <when>2025-02-26T21:36:53Z</when>
        <gx:coord>-93.22924307 17.36125981 876.71</gx:coord>
        <when>2025-02-26T21:37:58Z</when>
        <gx:coord>-93.22921829 17.36120927 877.37</gx:coord>
        <when>2025-02-26T21:38:02Z</when>
        <gx:coord>-93.22920412 17.36115266 877.6</gx:coord>
        <when>2025-02-26T21:38:06Z</when>
        <gx:coord>-93.22919373 17.36110552 877.39</gx:coord>
        <when>2025-02-26T21:38:20Z</when>
        <gx:coord>-93.22917734 17.36105809 876.84</gx:coord>
        <when>2025-02-26T21:38:25Z</when>
        <gx:coord>-93.2291548 17.36101265 877.29</gx:coord>
        <when>2025-02-26T21:38:31Z</when>
        <gx:coord>-93.22912316 17.36097381 878.57</gx:coord>
        <when>2025-02-26T21:38:35Z</when>
        <gx:coord>-93.22908871 17.3609392 878.53</gx:coord>
        <when>2025-02-26T21:38:42Z</when>
        <gx:coord>-93.2290604 17.36089863 878.99</gx:coord>
        <when>2025-02-26T21:38:47Z</when>
        <gx:coord>-93.22903581 17.36085886 879.59</gx:coord>
        <when>2025-02-26T21:38:53Z</when>
        <gx:coord>-93.22899174 17.36082242 880.08</gx:coord>
        <when>2025-02-26T21:38:58Z</when>
        <gx:coord>-93.22897324 17.36078046 880.64</gx:coord>
        <when>2025-02-26T21:39:04Z</when>
        <gx:coord>-93.22895242 17.36073347 880.64</gx:coord>
        <when>2025-02-26T21:39:12Z</when>
        <gx:coord>-93.2289522 17.36068299 879.1</gx:coord>
        <when>2025-02-26T21:39:20Z</when>
        <gx:coord>-93.22892011 17.360643 879.3</gx:coord>
        <when>2025-02-26T21:39:27Z</when>
        <gx:coord>-93.22888057 17.36061753 879.7</gx:coord>
        <when>2025-02-26T21:39:35Z</when>
        <gx:coord>-93.22882822 17.36060166 880.08</gx:coord>
        <when>2025-02-26T21:39:44Z</when>
        <gx:coord>-93.22878551 17.36057602 878.41</gx:coord>
        <when>2025-02-26T21:39:50Z</when>
        <gx:coord>-93.22875306 17.36053637 877.81</gx:coord>
        <when>2025-02-26T21:39:56Z</when>
        <gx:coord>-93.22873558 17.3604943 877.43</gx:coord>
        <when>2025-02-26T21:40:02Z</when>
        <gx:coord>-93.22870902 17.36045178 877.06</gx:coord>
        <when>2025-02-26T21:40:10Z</when>
        <gx:coord>-93.22867419 17.3604142 877.37</gx:coord>
        <when>2025-02-26T21:40:17Z</when>
        <gx:coord>-93.22863257 17.36038668 877.62</gx:coord>
        <when>2025-02-26T21:40:23Z</when>
        <gx:coord>-93.22858611 17.36036742 877.43</gx:coord>
        <when>2025-02-26T21:40:30Z</when>
        <gx:coord>-93.22854502 17.36033812 877.39</gx:coord>
        <when>2025-02-26T21:40:36Z</when>
        <gx:coord>-93.22850907 17.3603042 878.16</gx:coord>
        <when>2025-02-26T21:40:43Z</when>
        <gx:coord>-93.22847712 17.36026972 876.45</gx:coord>
        <when>2025-02-26T21:40:50Z</when>
        <gx:coord>-93.22847253 17.3602243 875.23</gx:coord>
        <when>2025-02-26T21:41:04Z</when>
        <gx:coord>-93.22846658 17.36017868 874.88</gx:coord>
        <when>2025-02-26T21:41:18Z</when>
        <gx:coord>-93.22846041 17.36012905 874.11</gx:coord>
        <when>2025-02-26T21:41:24Z</when>
        <gx:coord>-93.22844479 17.36008163 874.19</gx:coord>
        <when>2025-02-26T21:41:39Z</when>
        <gx:coord>-93.22843622 17.36003712 873.46</gx:coord>
        <when>2025-02-26T21:41:56Z</when>
        <gx:coord>-93.22842425 17.35999043 873.75</gx:coord>
        <when>2025-02-26T21:42:06Z</when>
        <gx:coord>-93.22842338 17.35994508 874.43</gx:coord>
        <when>2025-02-26T21:42:10Z</when>
        <gx:coord>-93.22843033 17.35989776 875.15</gx:coord>
        <when>2025-02-26T21:42:16Z</when>
        <gx:coord>-93.22844037 17.35985342 875.17</gx:coord>
        <when>2025-02-26T21:42:21Z</when>
        <gx:coord>-93.22845227 17.35980149 875.12</gx:coord>
        <when>2025-02-26T21:42:28Z</when>
        <gx:coord>-93.22846597 17.35975424 875.94</gx:coord>
        <when>2025-02-26T21:42:37Z</when>
        <gx:coord>-93.22847971 17.35970893 875.7</gx:coord>
        <when>2025-02-26T21:42:42Z</when>
        <gx:coord>-93.22849697 17.35966063 876.71</gx:coord>
        <when>2025-02-26T21:42:47Z</when>
        <gx:coord>-93.22850669 17.35961376 876.31</gx:coord>
        <when>2025-02-26T21:42:55Z</when>
        <gx:coord>-93.228523 17.35956796 875.7</gx:coord>
        <when>2025-02-26T21:43:05Z</when>
        <gx:coord>-93.22851881 17.35951866 875.89</gx:coord>
        <when>2025-02-26T21:43:17Z</when>
        <gx:coord>-93.22850994 17.35947356 875.56</gx:coord>
        <when>2025-02-26T21:43:22Z</when>
        <gx:coord>-93.2285052 17.35942752 875.14</gx:coord>
        <when>2025-02-26T21:43:27Z</when>
        <gx:coord>-93.22849948 17.35937717 875.13</gx:coord>
        <when>2025-02-26T21:44:22Z</when>
        <gx:coord>-93.22850419 17.35931961 875.49</gx:coord>
        <when>2025-02-26T21:44:26Z</when>
        <gx:coord>-93.22848426 17.35927763 875.2</gx:coord>
        <when>2025-02-26T21:44:30Z</when>
        <gx:coord>-93.22846444 17.35923659 875.3</gx:coord>
        <when>2025-02-26T21:44:35Z</when>
        <gx:coord>-93.22844392 17.35919322 875.97</gx:coord>
        <when>2025-02-26T21:44:44Z</when>
        <gx:coord>-93.22841417 17.35915019 877.37</gx:coord>
        <when>2025-02-26T21:44:50Z</when>
        <gx:coord>-93.2283697 17.35912485 878.26</gx:coord>
        <when>2025-02-26T21:44:55Z</when>
        <gx:coord>-93.22832315 17.35911688 879.14</gx:coord>
        <when>2025-02-26T21:45:03Z</when>
        <gx:coord>-93.22827347 17.35911554 879.15</gx:coord>
        <when>2025-02-26T21:45:11Z</when>
        <gx:coord>-93.22822218 17.35913094 877.22</gx:coord>
        <when>2025-02-26T21:45:20Z</when>
        <gx:coord>-93.22817156 17.35914349 875.76</gx:coord>
        <when>2025-02-26T21:45:27Z</when>
        <gx:coord>-93.22813134 17.35918049 875.47</gx:coord>
        <when>2025-02-26T21:45:32Z</when>
        <gx:coord>-93.22809527 17.35922212 876.14</gx:coord>
        <when>2025-02-26T21:45:39Z</when>
        <gx:coord>-93.22805323 17.35925617 877.33</gx:coord>
        <when>2025-02-26T21:45:47Z</when>
        <gx:coord>-93.22801162 17.35927823 877.11</gx:coord>
        <when>2025-02-26T21:46:02Z</when>
        <gx:coord>-93.22797694 17.35931494 877.82</gx:coord>
        <when>2025-02-26T21:46:09Z</when>
        <gx:coord>-93.22794552 17.35935519 877.98</gx:coord>
        <when>2025-02-26T21:47:06Z</when>
        <gx:coord>-93.22790537 17.35937888 877.15</gx:coord>
        <when>2025-02-26T21:47:11Z</when>
        <gx:coord>-93.22785765 17.35939708 876.54</gx:coord>
        <when>2025-02-26T21:47:48Z</when>
        <gx:coord>-93.2278222 17.35944018 876.45</gx:coord>
        <when>2025-02-26T21:47:50Z</when>
        <gx:coord>-93.2277842 17.35947583 875.76</gx:coord>
        <when>2025-02-26T21:49:51Z</when>
        <gx:coord>-93.22776591 17.35949549 875.66</gx:coord>
        <when>2025-02-26T21:50:42Z</when>
        <gx:coord>-93.22772467 17.35951874 875.67</gx:coord>
        <when>2025-02-26T21:50:48Z</when>
        <gx:coord>-93.22767735 17.35951549 874.51</gx:coord>
        <when>2025-02-26T21:50:57Z</when>
        <gx:coord>-93.22764068 17.35948124 874.7</gx:coord>
        <when>2025-02-26T21:52:58Z</when>
        <gx:coord>-93.22763427 17.35947561 875.25</gx:coord>
        <when>2025-02-26T21:54:59Z</when>
        <gx:coord>-93.22763427 17.35947561 875.25</gx:coord>
      </gx:Track>
    </Placemark>
  </Document>
</kml>